date,location,new_cases_smoothed
2020-01-10,Poland,0.0
2020-01-11,Poland,0.0
2020-01-12,Poland,0.0
2020-01-13,Poland,0.0
2020-01-14,Poland,0.0
2020-01-15,Poland,0.0
2020-01-16,Poland,0.0
2020-01-17,Poland,0.0
2020-01-18,Poland,0.0
2020-01-19,Poland,0.0
2020-01-20,Poland,0.0
2020-01-21,Poland,0.0
2020-01-22,Poland,0.0
2020-01-23,Poland,0.0
2020-01-24,Poland,0.0
2020-01-25,Poland,0.0
2020-01-26,Poland,0.0
2020-01-27,Poland,0.0
2020-01-28,Poland,0.0
2020-01-29,Poland,0.0
2020-01-30,Poland,0.0
2020-01-31,Poland,0.0
2020-02-01,Poland,0.0
2020-02-02,Poland,0.0
2020-02-03,Poland,0.0
2020-02-04,Poland,0.0
2020-02-05,Poland,0.0
2020-02-06,Poland,0.0
2020-02-07,Poland,0.0
2020-02-08,Poland,0.0
2020-02-09,Poland,0.0
2020-02-10,Poland,0.0
2020-02-11,Poland,0.0
2020-02-12,Poland,0.0
2020-02-13,Poland,0.0
2020-02-14,Poland,0.0
2020-02-15,Poland,0.0
2020-02-16,Poland,0.0
2020-02-17,Poland,0.0
2020-02-18,Poland,0.0
2020-02-19,Poland,0.0
2020-02-20,Poland,0.0
2020-02-21,Poland,0.0
2020-02-22,Poland,0.0
2020-02-23,Poland,0.0
2020-02-24,Poland,0.0
2020-02-25,Poland,0.0
2020-02-26,Poland,0.0
2020-02-27,Poland,0.0
2020-02-28,Poland,0.0
2020-02-29,Poland,0.0
2020-03-01,Poland,0.0
2020-03-02,Poland,0.0
2020-03-03,Poland,0.0
2020-03-04,Poland,0.0
2020-03-05,Poland,0.0
2020-03-06,Poland,0.0
2020-03-07,Poland,0.0
2020-03-08,Poland,0.86
2020-03-09,Poland,0.86
2020-03-10,Poland,0.86
2020-03-11,Poland,0.86
2020-03-12,Poland,0.86
2020-03-13,Poland,0.86
2020-03-14,Poland,0.86
2020-03-15,Poland,13.86
2020-03-16,Poland,13.86
2020-03-17,Poland,13.86
2020-03-18,Poland,13.86
2020-03-19,Poland,13.86
2020-03-20,Poland,13.86
2020-03-21,Poland,13.86
2020-03-22,Poland,61.57
2020-03-23,Poland,61.57
2020-03-24,Poland,61.57
2020-03-25,Poland,61.57
2020-03-26,Poland,61.57
2020-03-27,Poland,61.57
2020-03-28,Poland,61.57
2020-03-29,Poland,157.71
2020-03-30,Poland,157.71
2020-03-31,Poland,157.71
2020-04-01,Poland,157.71
2020-04-02,Poland,157.71
2020-04-03,Poland,157.71
2020-04-04,Poland,157.71
2020-04-05,Poland,284.14
2020-04-06,Poland,284.14
2020-04-07,Poland,284.14
2020-04-08,Poland,284.14
2020-04-09,Poland,284.14
2020-04-10,Poland,284.14
2020-04-11,Poland,284.14
2020-04-12,Poland,389.71
2020-04-13,Poland,389.71
2020-04-14,Poland,389.71
2020-04-15,Poland,389.71
2020-04-16,Poland,389.71
2020-04-17,Poland,389.71
2020-04-18,Poland,389.71
2020-04-19,Poland,341.0
2020-04-20,Poland,341.0
2020-04-21,Poland,341.0
2020-04-22,Poland,341.0
2020-04-23,Poland,341.0
2020-04-24,Poland,341.0
2020-04-25,Poland,341.0
2020-04-26,Poland,361.57
2020-04-27,Poland,361.57
2020-04-28,Poland,361.57
2020-04-29,Poland,361.57
2020-04-30,Poland,361.57
2020-05-01,Poland,361.57
2020-05-02,Poland,361.57
2020-05-03,Poland,300.29
2020-05-04,Poland,300.29
2020-05-05,Poland,300.29
2020-05-06,Poland,300.29
2020-05-07,Poland,300.29
2020-05-08,Poland,300.29
2020-05-09,Poland,300.29
2020-05-10,Poland,325.14
2020-05-11,Poland,325.14
2020-05-12,Poland,325.14
2020-05-13,Poland,325.14
2020-05-14,Poland,325.14
2020-05-15,Poland,325.14
2020-05-16,Poland,325.14
2020-05-17,Poland,372.29
2020-05-18,Poland,372.29
2020-05-19,Poland,372.29
2020-05-20,Poland,372.29
2020-05-21,Poland,372.29
2020-05-22,Poland,372.29
2020-05-23,Poland,372.29
2020-05-24,Poland,382.0
2020-05-25,Poland,382.0
2020-05-26,Poland,382.0
2020-05-27,Poland,382.0
2020-05-28,Poland,382.0
2020-05-29,Poland,382.0
2020-05-30,Poland,382.0
2020-05-31,Poland,377.14
2020-06-01,Poland,377.14
2020-06-02,Poland,377.14
2020-06-03,Poland,377.14
2020-06-04,Poland,377.14
2020-06-05,Poland,377.14
2020-06-06,Poland,377.14
2020-06-07,Poland,345.0
2020-06-08,Poland,345.0
2020-06-09,Poland,345.0
2020-06-10,Poland,345.0
2020-06-11,Poland,345.0
2020-06-12,Poland,345.0
2020-06-13,Poland,345.0
2020-06-14,Poland,433.0
2020-06-15,Poland,433.0
2020-06-16,Poland,433.0
2020-06-17,Poland,433.0
2020-06-18,Poland,433.0
2020-06-19,Poland,433.0
2020-06-20,Poland,433.0
2020-06-21,Poland,371.86
2020-06-22,Poland,371.86
2020-06-23,Poland,371.86
2020-06-24,Poland,371.86
2020-06-25,Poland,371.86
2020-06-26,Poland,371.86
2020-06-27,Poland,371.86
2020-06-28,Poland,299.14
2020-06-29,Poland,299.14
2020-06-30,Poland,299.14
2020-07-01,Poland,299.14
2020-07-02,Poland,299.14
2020-07-03,Poland,299.14
2020-07-04,Poland,299.14
2020-07-05,Poland,286.43
2020-07-06,Poland,286.43
2020-07-07,Poland,286.43
2020-07-08,Poland,286.43
2020-07-09,Poland,286.43
2020-07-10,Poland,286.43
2020-07-11,Poland,286.43
2020-07-12,Poland,257.43
2020-07-13,Poland,257.43
2020-07-14,Poland,257.43
2020-07-15,Poland,257.43
2020-07-16,Poland,257.43
2020-07-17,Poland,257.43
2020-07-18,Poland,257.43
2020-07-19,Poland,317.86
2020-07-20,Poland,317.86
2020-07-21,Poland,317.86
2020-07-22,Poland,317.86
2020-07-23,Poland,317.86
2020-07-24,Poland,317.86
2020-07-25,Poland,317.86
2020-07-26,Poland,410.86
2020-07-27,Poland,410.86
2020-07-28,Poland,410.86
2020-07-29,Poland,410.86
2020-07-30,Poland,410.86
2020-07-31,Poland,410.86
2020-08-01,Poland,410.86
2020-08-02,Poland,532.0
2020-08-03,Poland,532.0
2020-08-04,Poland,532.0
2020-08-05,Poland,532.0
2020-08-06,Poland,532.0
2020-08-07,Poland,532.0
2020-08-08,Poland,532.0
2020-08-09,Poland,688.71
2020-08-10,Poland,688.71
2020-08-11,Poland,688.71
2020-08-12,Poland,688.71
2020-08-13,Poland,688.71
2020-08-14,Poland,688.71
2020-08-15,Poland,688.71
2020-08-16,Poland,703.29
2020-08-17,Poland,703.29
2020-08-18,Poland,703.29
2020-08-19,Poland,703.29
2020-08-20,Poland,703.29
2020-08-21,Poland,703.29
2020-08-22,Poland,703.29
2020-08-23,Poland,727.29
2020-08-24,Poland,727.29
2020-08-25,Poland,727.29
2020-08-26,Poland,727.29
2020-08-27,Poland,727.29
2020-08-28,Poland,727.29
2020-08-29,Poland,727.29
2020-08-30,Poland,722.57
2020-08-31,Poland,722.57
2020-09-01,Poland,722.57
2020-09-02,Poland,722.57
2020-09-03,Poland,722.57
2020-09-04,Poland,722.57
2020-09-05,Poland,722.57
2020-09-06,Poland,592.57
2020-09-07,Poland,592.57
2020-09-08,Poland,592.57
2020-09-09,Poland,592.57
2020-09-10,Poland,592.57
2020-09-11,Poland,592.57
2020-09-12,Poland,592.57
2020-09-13,Poland,466.14
2020-09-14,Poland,466.14
2020-09-15,Poland,466.14
2020-09-16,Poland,466.14
2020-09-17,Poland,466.14
2020-09-18,Poland,466.14
2020-09-19,Poland,466.14
2020-09-20,Poland,668.57
2020-09-21,Poland,668.57
2020-09-22,Poland,668.57
2020-09-23,Poland,668.57
2020-09-24,Poland,668.57
2020-09-25,Poland,668.57
2020-09-26,Poland,668.57
2020-09-27,Poland,1092.86
2020-09-28,Poland,1092.86
2020-09-29,Poland,1092.86
2020-09-30,Poland,1092.86
2020-10-01,Poland,1092.86
2020-10-02,Poland,1092.86
2020-10-03,Poland,1092.86
2020-10-04,Poland,1737.14
2020-10-05,Poland,1737.14
2020-10-06,Poland,1737.14
2020-10-07,Poland,1737.14
2020-10-08,Poland,1737.14
2020-10-09,Poland,1737.14
2020-10-10,Poland,1737.14
2020-10-11,Poland,3356.86
2020-10-12,Poland,3356.86
2020-10-13,Poland,3356.86
2020-10-14,Poland,3356.86
2020-10-15,Poland,3356.86
2020-10-16,Poland,3356.86
2020-10-17,Poland,3356.86
2020-10-18,Poland,6513.14
2020-10-19,Poland,6513.14
2020-10-20,Poland,6513.14
2020-10-21,Poland,6513.14
2020-10-22,Poland,6513.14
2020-10-23,Poland,6513.14
2020-10-24,Poland,6513.14
2020-10-25,Poland,10673.71
2020-10-26,Poland,10673.71
2020-10-27,Poland,10673.71
2020-10-28,Poland,10673.71
2020-10-29,Poland,10673.71
2020-10-30,Poland,10673.71
2020-10-31,Poland,10673.71
2020-11-01,Poland,17826.43
2020-11-02,Poland,17826.43
2020-11-03,Poland,17826.43
2020-11-04,Poland,17826.43
2020-11-05,Poland,17826.43
2020-11-06,Poland,17826.43
2020-11-07,Poland,17826.43
2020-11-08,Poland,24701.29
2020-11-09,Poland,24701.29
2020-11-10,Poland,24701.29
2020-11-11,Poland,24701.29
2020-11-12,Poland,24701.29
2020-11-13,Poland,24701.29
2020-11-14,Poland,24701.29
2020-11-15,Poland,26211.14
2020-11-16,Poland,26211.14
2020-11-17,Poland,26211.14
2020-11-18,Poland,26211.14
2020-11-19,Poland,26211.14
2020-11-20,Poland,26211.14
2020-11-21,Poland,26211.14
2020-11-22,Poland,22884.0
2020-11-23,Poland,22884.0
2020-11-24,Poland,22884.0
2020-11-25,Poland,22884.0
2020-11-26,Poland,22884.0
2020-11-27,Poland,22884.0
2020-11-28,Poland,22884.0
2020-11-29,Poland,14846.86
2020-11-30,Poland,14846.86
2020-12-01,Poland,14846.86
2020-12-02,Poland,14846.86
2020-12-03,Poland,14846.86
2020-12-04,Poland,14846.86
2020-12-05,Poland,14846.86
2020-12-06,Poland,11191.86
2020-12-07,Poland,11191.86
2020-12-08,Poland,11191.86
2020-12-09,Poland,11191.86
2020-12-10,Poland,11191.86
2020-12-11,Poland,11191.86
2020-12-12,Poland,11191.86
2020-12-13,Poland,10318.71
2020-12-14,Poland,10318.71
2020-12-15,Poland,10318.71
2020-12-16,Poland,10318.71
2020-12-17,Poland,10318.71
2020-12-18,Poland,10318.71
2020-12-19,Poland,10318.71
2020-12-20,Poland,9573.14
2020-12-21,Poland,9573.14
2020-12-22,Poland,9573.14
2020-12-23,Poland,9573.14
2020-12-24,Poland,9573.14
2020-12-25,Poland,9573.14
2020-12-26,Poland,9573.14
2020-12-27,Poland,7871.86
2020-12-28,Poland,7871.86
2020-12-29,Poland,7871.86
2020-12-30,Poland,7871.86
2020-12-31,Poland,7871.86
2021-01-01,Poland,7871.86
2021-01-02,Poland,7871.86
2021-01-03,Poland,8738.43
2021-01-04,Poland,8738.43
2021-01-05,Poland,8738.43
2021-01-06,Poland,8738.43
2021-01-07,Poland,8738.43
2021-01-08,Poland,8738.43
2021-01-09,Poland,8738.43
2021-01-10,Poland,9572.71
2021-01-11,Poland,9572.71
2021-01-12,Poland,9572.71
2021-01-13,Poland,9572.71
2021-01-14,Poland,9572.71
2021-01-15,Poland,9572.71
2021-01-16,Poland,9572.71
2021-01-17,Poland,7134.57
2021-01-18,Poland,7134.57
2021-01-19,Poland,7134.57
2021-01-20,Poland,7134.57
2021-01-21,Poland,7134.57
2021-01-22,Poland,7134.57
2021-01-23,Poland,7134.57
2021-01-24,Poland,5688.86
2021-01-25,Poland,5688.86
2021-01-26,Poland,5688.86
2021-01-27,Poland,5688.86
2021-01-28,Poland,5688.86
2021-01-29,Poland,5688.86
2021-01-30,Poland,5688.86
2021-01-31,Poland,5383.14
2021-02-01,Poland,5383.14
2021-02-02,Poland,5383.14
2021-02-03,Poland,5383.14
2021-02-04,Poland,5383.14
2021-02-05,Poland,5383.14
2021-02-06,Poland,5383.14
2021-02-07,Poland,5267.57
2021-02-08,Poland,5267.57
2021-02-09,Poland,5267.57
2021-02-10,Poland,5267.57
2021-02-11,Poland,5267.57
2021-02-12,Poland,5267.57
2021-02-13,Poland,5267.57
2021-02-14,Poland,5528.14
2021-02-15,Poland,5528.14
2021-02-16,Poland,5528.14
2021-02-17,Poland,5528.14
2021-02-18,Poland,5528.14
2021-02-19,Poland,5528.14
2021-02-20,Poland,5528.14
2021-02-21,Poland,7116.14
2021-02-22,Poland,7116.14
2021-02-23,Poland,7116.14
2021-02-24,Poland,7116.14
2021-02-25,Poland,7116.14
2021-02-26,Poland,7116.14
2021-02-27,Poland,7116.14
2021-02-28,Poland,9746.57
2021-03-01,Poland,9746.57
2021-03-02,Poland,9746.57
2021-03-03,Poland,9746.57
2021-03-04,Poland,9746.57
2021-03-05,Poland,9746.57
2021-03-06,Poland,9746.57
2021-03-07,Poland,12561.57
2021-03-08,Poland,12561.57
2021-03-09,Poland,12561.57
2021-03-10,Poland,12561.57
2021-03-11,Poland,12561.57
2021-03-12,Poland,12561.57
2021-03-13,Poland,12561.57
2021-03-14,Poland,15930.29
2021-03-15,Poland,15930.29
2021-03-16,Poland,15930.29
2021-03-17,Poland,15930.29
2021-03-18,Poland,15930.29
2021-03-19,Poland,15930.29
2021-03-20,Poland,15930.29
2021-03-21,Poland,21696.29
2021-03-22,Poland,21696.29
2021-03-23,Poland,21696.29
2021-03-24,Poland,21696.29
2021-03-25,Poland,21696.29
2021-03-26,Poland,21696.29
2021-03-27,Poland,21696.29
2021-03-28,Poland,27371.57
2021-03-29,Poland,27371.57
2021-03-30,Poland,27371.57
2021-03-31,Poland,27371.57
2021-04-01,Poland,27371.57
2021-04-02,Poland,27371.57
2021-04-03,Poland,27371.57
2021-04-04,Poland,26789.43
2021-04-05,Poland,26789.43
2021-04-06,Poland,26789.43
2021-04-07,Poland,26789.43
2021-04-08,Poland,26789.43
2021-04-09,Poland,26789.43
2021-04-10,Poland,26789.43
2021-04-11,Poland,19427.14
2021-04-12,Poland,19427.14
2021-04-13,Poland,19427.14
2021-04-14,Poland,19427.14
2021-04-15,Poland,19427.14
2021-04-16,Poland,19427.14
2021-04-17,Poland,19427.14
2021-04-18,Poland,16202.29
2021-04-19,Poland,16202.29
2021-04-20,Poland,16202.29
2021-04-21,Poland,16202.29
2021-04-22,Poland,16202.29
2021-04-23,Poland,16202.29
2021-04-24,Poland,16202.29
2021-04-25,Poland,10114.14
2021-04-26,Poland,10114.14
2021-04-27,Poland,10114.14
2021-04-28,Poland,10114.14
2021-04-29,Poland,10114.14
2021-04-30,Poland,10114.14
2021-05-01,Poland,10114.14
2021-05-02,Poland,6337.0
2021-05-03,Poland,6337.0
2021-05-04,Poland,6337.0
2021-05-05,Poland,6337.0
2021-05-06,Poland,6337.0
2021-05-07,Poland,6337.0
2021-05-08,Poland,6337.0
2021-05-09,Poland,4258.86
2021-05-10,Poland,4258.86
2021-05-11,Poland,4258.86
2021-05-12,Poland,4258.86
2021-05-13,Poland,4258.86
2021-05-14,Poland,4258.86
2021-05-15,Poland,4258.86
2021-05-16,Poland,3066.57
2021-05-17,Poland,3066.57
2021-05-18,Poland,3066.57
2021-05-19,Poland,3066.57
2021-05-20,Poland,3066.57
2021-05-21,Poland,3066.57
2021-05-22,Poland,3066.57
2021-05-23,Poland,1649.0
2021-05-24,Poland,1649.0
2021-05-25,Poland,1649.0
2021-05-26,Poland,1649.0
2021-05-27,Poland,1649.0
2021-05-28,Poland,1649.0
2021-05-29,Poland,1649.0
2021-05-30,Poland,908.0
2021-05-31,Poland,908.0
2021-06-01,Poland,908.0
2021-06-02,Poland,908.0
2021-06-03,Poland,908.0
2021-06-04,Poland,908.0
2021-06-05,Poland,908.0
2021-06-06,Poland,457.57
2021-06-07,Poland,457.57
2021-06-08,Poland,457.57
2021-06-09,Poland,457.57
2021-06-10,Poland,457.57
2021-06-11,Poland,457.57
2021-06-12,Poland,457.57
2021-06-13,Poland,315.86
2021-06-14,Poland,315.86
2021-06-15,Poland,315.86
2021-06-16,Poland,315.86
2021-06-17,Poland,315.86
2021-06-18,Poland,315.86
2021-06-19,Poland,315.86
2021-06-20,Poland,186.43
2021-06-21,Poland,186.43
2021-06-22,Poland,186.43
2021-06-23,Poland,186.43
2021-06-24,Poland,186.43
2021-06-25,Poland,186.43
2021-06-26,Poland,186.43
2021-06-27,Poland,125.29
2021-06-28,Poland,125.29
2021-06-29,Poland,125.29
2021-06-30,Poland,125.29
2021-07-01,Poland,125.29
2021-07-02,Poland,125.29
2021-07-03,Poland,125.29
2021-07-04,Poland,90.57
2021-07-05,Poland,90.57
2021-07-06,Poland,90.57
2021-07-07,Poland,90.57
2021-07-08,Poland,90.57
2021-07-09,Poland,90.57
2021-07-10,Poland,90.57
2021-07-11,Poland,79.71
2021-07-12,Poland,79.71
2021-07-13,Poland,79.71
2021-07-14,Poland,79.71
2021-07-15,Poland,79.71
2021-07-16,Poland,79.71
2021-07-17,Poland,79.71
2021-07-18,Poland,86.71
2021-07-19,Poland,86.71
2021-07-20,Poland,86.71
2021-07-21,Poland,86.71
2021-07-22,Poland,86.71
2021-07-23,Poland,86.71
2021-07-24,Poland,86.71
2021-07-25,Poland,104.71
2021-07-26,Poland,104.71
2021-07-27,Poland,104.71
2021-07-28,Poland,104.71
2021-07-29,Poland,104.71
2021-07-30,Poland,104.71
2021-07-31,Poland,104.71
2021-08-01,Poland,126.0
2021-08-02,Poland,126.0
2021-08-03,Poland,126.0
2021-08-04,Poland,126.0
2021-08-05,Poland,126.0
2021-08-06,Poland,126.0
2021-08-07,Poland,126.0
2021-08-08,Poland,152.86
2021-08-09,Poland,152.86
2021-08-10,Poland,152.86
2021-08-11,Poland,152.86
2021-08-12,Poland,152.86
2021-08-13,Poland,152.86
2021-08-14,Poland,152.86
2021-08-15,Poland,177.14
2021-08-16,Poland,177.14
2021-08-17,Poland,177.14
2021-08-18,Poland,177.14
2021-08-19,Poland,177.14
2021-08-20,Poland,177.14
2021-08-21,Poland,177.14
2021-08-22,Poland,196.14
2021-08-23,Poland,196.14
2021-08-24,Poland,196.14
2021-08-25,Poland,196.14
2021-08-26,Poland,196.14
2021-08-27,Poland,196.14
2021-08-28,Poland,196.14
2021-08-29,Poland,225.29
2021-08-30,Poland,225.29
2021-08-31,Poland,225.29
2021-09-01,Poland,225.29
2021-09-02,Poland,225.29
2021-09-03,Poland,225.29
2021-09-04,Poland,225.29
2021-09-05,Poland,322.0
2021-09-06,Poland,322.0
2021-09-07,Poland,322.0
2021-09-08,Poland,322.0
2021-09-09,Poland,322.0
2021-09-10,Poland,322.0
2021-09-11,Poland,322.0
2021-09-12,Poland,452.29
2021-09-13,Poland,452.29
2021-09-14,Poland,452.29
2021-09-15,Poland,452.29
2021-09-16,Poland,452.29
2021-09-17,Poland,452.29
2021-09-18,Poland,452.29
2021-09-19,Poland,612.0
2021-09-20,Poland,612.0
2021-09-21,Poland,612.0
2021-09-22,Poland,612.0
2021-09-23,Poland,612.0
2021-09-24,Poland,612.0
2021-09-25,Poland,612.0
2021-09-26,Poland,757.57
2021-09-27,Poland,757.57
2021-09-28,Poland,757.57
2021-09-29,Poland,757.57
2021-09-30,Poland,757.57
2021-10-01,Poland,757.57
2021-10-02,Poland,757.57
2021-10-03,Poland,1090.57
2021-10-04,Poland,1090.57
2021-10-05,Poland,1090.57
2021-10-06,Poland,1090.57
2021-10-07,Poland,1090.57
2021-10-08,Poland,1090.57
2021-10-09,Poland,1090.57
2021-10-10,Poland,1647.86
2021-10-11,Poland,1647.86
2021-10-12,Poland,1647.86
2021-10-13,Poland,1647.86
2021-10-14,Poland,1647.86
2021-10-15,Poland,1647.86
2021-10-16,Poland,1647.86
2021-10-17,Poland,2455.86
2021-10-18,Poland,2455.86
2021-10-19,Poland,2455.86
2021-10-20,Poland,2455.86
2021-10-21,Poland,2455.86
2021-10-22,Poland,2455.86
2021-10-23,Poland,2455.86
2021-10-24,Poland,4761.0
2021-10-25,Poland,4761.0
2021-10-26,Poland,4761.0
2021-10-27,Poland,4761.0
2021-10-28,Poland,4761.0
2021-10-29,Poland,4761.0
2021-10-30,Poland,4761.0
2021-10-31,Poland,7469.14
2021-11-01,Poland,7469.14
2021-11-02,Poland,7469.14
2021-11-03,Poland,7469.14
2021-11-04,Poland,7469.14
2021-11-05,Poland,7469.14
2021-11-06,Poland,7469.14
2021-11-07,Poland,11277.0
2021-11-08,Poland,11277.0
2021-11-09,Poland,11277.0
2021-11-10,Poland,11277.0
2021-11-11,Poland,11277.0
2021-11-12,Poland,11277.0
2021-11-13,Poland,11277.0
2021-11-14,Poland,14326.14
2021-11-15,Poland,14326.14
2021-11-16,Poland,14326.14
2021-11-17,Poland,14326.14
2021-11-18,Poland,14326.14
2021-11-19,Poland,14326.14
2021-11-20,Poland,14326.14
2021-11-21,Poland,20108.86
2021-11-22,Poland,20108.86
2021-11-23,Poland,20108.86
2021-11-24,Poland,20108.86
2021-11-25,Poland,20108.86
2021-11-26,Poland,20108.86
2021-11-27,Poland,20108.86
2021-11-28,Poland,23181.57
2021-11-29,Poland,23181.57
2021-11-30,Poland,23181.57
2021-12-01,Poland,23181.57
2021-12-02,Poland,23181.57
2021-12-03,Poland,23181.57
2021-12-04,Poland,23181.57
2021-12-05,Poland,23362.71
2021-12-06,Poland,23362.71
2021-12-07,Poland,23362.71
2021-12-08,Poland,23362.71
2021-12-09,Poland,23362.71
2021-12-10,Poland,23362.71
2021-12-11,Poland,23362.71
2021-12-12,Poland,22403.29
2021-12-13,Poland,22403.29
2021-12-14,Poland,22403.29
2021-12-15,Poland,22403.29
2021-12-16,Poland,22403.29
2021-12-17,Poland,22403.29
2021-12-18,Poland,22403.29
2021-12-19,Poland,18657.43
2021-12-20,Poland,18657.43
2021-12-21,Poland,18657.43
2021-12-22,Poland,18657.43
2021-12-23,Poland,18657.43
2021-12-24,Poland,18657.43
2021-12-25,Poland,18657.43
2021-12-26,Poland,13003.43
2021-12-27,Poland,13003.43
2021-12-28,Poland,13003.43
2021-12-29,Poland,13003.43
2021-12-30,Poland,13003.43
2021-12-31,Poland,13003.43
2022-01-01,Poland,13003.43
2022-01-02,Poland,11082.86
2022-01-03,Poland,11082.86
2022-01-04,Poland,11082.86
2022-01-05,Poland,11082.86
2022-01-06,Poland,11082.86
2022-01-07,Poland,11082.86
2022-01-08,Poland,11082.86
2022-01-09,Poland,12253.14
2022-01-10,Poland,12253.14
2022-01-11,Poland,12253.14
2022-01-12,Poland,12253.14
2022-01-13,Poland,12253.14
2022-01-14,Poland,12253.14
2022-01-15,Poland,12253.14
2022-01-16,Poland,14264.57
2022-01-17,Poland,14264.57
2022-01-18,Poland,14264.57
2022-01-19,Poland,14264.57
2022-01-20,Poland,14264.57
2022-01-21,Poland,14264.57
2022-01-22,Poland,14264.57
2022-01-23,Poland,29306.71
2022-01-24,Poland,29306.71
2022-01-25,Poland,29306.71
2022-01-26,Poland,29306.71
2022-01-27,Poland,29306.71
2022-01-28,Poland,29306.71
2022-01-29,Poland,29306.71
2022-01-30,Poland,47768.86
2022-01-31,Poland,47768.86
2022-02-01,Poland,47768.86
2022-02-02,Poland,47768.86
2022-02-03,Poland,47768.86
2022-02-04,Poland,47768.86
2022-02-05,Poland,47768.86
2022-02-06,Poland,44444.0
2022-02-07,Poland,44444.0
2022-02-08,Poland,44444.0
2022-02-09,Poland,44444.0
2022-02-10,Poland,44444.0
2022-02-11,Poland,44444.0
2022-02-12,Poland,44444.0
2022-02-13,Poland,33726.43
2022-02-14,Poland,33726.43
2022-02-15,Poland,33726.43
2022-02-16,Poland,33726.43
2022-02-17,Poland,33726.43
2022-02-18,Poland,33726.43
2022-02-19,Poland,33726.43
2022-02-20,Poland,21772.43
2022-02-21,Poland,21772.43
2022-02-22,Poland,21772.43
2022-02-23,Poland,21772.43
2022-02-24,Poland,21772.43
2022-02-25,Poland,21772.43
2022-02-26,Poland,21772.43
2022-02-27,Poland,15243.57
2022-02-28,Poland,15243.57
2022-03-01,Poland,15243.57
2022-03-02,Poland,15243.57
2022-03-03,Poland,15243.57
2022-03-04,Poland,15243.57
2022-03-05,Poland,15243.57
2022-03-06,Poland,11610.0
2022-03-07,Poland,11610.0
2022-03-08,Poland,11610.0
2022-03-09,Poland,11610.0
2022-03-10,Poland,11610.0
2022-03-11,Poland,11610.0
2022-03-12,Poland,11610.0
2022-03-13,Poland,10989.0
2022-03-14,Poland,10989.0
2022-03-15,Poland,10989.0
2022-03-16,Poland,10989.0
2022-03-17,Poland,10989.0
2022-03-18,Poland,10989.0
2022-03-19,Poland,10989.0
2022-03-20,Poland,10354.57
2022-03-21,Poland,10354.57
2022-03-22,Poland,10354.57
2022-03-23,Poland,10354.57
2022-03-24,Poland,10354.57
2022-03-25,Poland,10354.57
2022-03-26,Poland,10354.57
2022-03-27,Poland,7444.71
2022-03-28,Poland,7444.71
2022-03-29,Poland,7444.71
2022-03-30,Poland,7444.71
2022-03-31,Poland,7444.71
2022-04-01,Poland,7444.71
2022-04-02,Poland,7444.71
2022-04-03,Poland,3775.43
2022-04-04,Poland,3775.43
2022-04-05,Poland,3775.43
2022-04-06,Poland,3775.43
2022-04-07,Poland,3775.43
2022-04-08,Poland,3775.43
2022-04-09,Poland,3775.43
2022-04-10,Poland,1232.29
2022-04-11,Poland,1232.29
2022-04-12,Poland,1232.29
2022-04-13,Poland,1232.29
2022-04-14,Poland,1232.29
2022-04-15,Poland,1232.29
2022-04-16,Poland,1232.29
2022-04-17,Poland,1007.14
2022-04-18,Poland,1007.14
2022-04-19,Poland,1007.14
2022-04-20,Poland,1007.14
2022-04-21,Poland,1007.14
2022-04-22,Poland,1007.14
2022-04-23,Poland,1007.14
2022-04-24,Poland,850.86
2022-04-25,Poland,850.86
2022-04-26,Poland,850.86
2022-04-27,Poland,850.86
2022-04-28,Poland,850.86
2022-04-29,Poland,850.86
2022-04-30,Poland,850.86
2022-05-01,Poland,793.57
2022-05-02,Poland,793.57
2022-05-03,Poland,793.57
2022-05-04,Poland,793.57
2022-05-05,Poland,793.57
2022-05-06,Poland,793.57
2022-05-07,Poland,793.57
2022-05-08,Poland,525.29
2022-05-09,Poland,525.29
2022-05-10,Poland,525.29
2022-05-11,Poland,525.29
2022-05-12,Poland,525.29
2022-05-13,Poland,525.29
2022-05-14,Poland,525.29
2022-05-15,Poland,431.29
2022-05-16,Poland,431.29
2022-05-17,Poland,431.29
2022-05-18,Poland,431.29
2022-05-19,Poland,431.29
2022-05-20,Poland,431.29
2022-05-21,Poland,431.29
2022-05-22,Poland,300.0
2022-05-23,Poland,300.0
2022-05-24,Poland,300.0
2022-05-25,Poland,300.0
2022-05-26,Poland,300.0
2022-05-27,Poland,300.0
2022-05-28,Poland,300.0
2022-05-29,Poland,232.43
2022-05-30,Poland,232.43
2022-05-31,Poland,232.43
2022-06-01,Poland,232.43
2022-06-02,Poland,232.43
2022-06-03,Poland,232.43
2022-06-04,Poland,232.43
2022-06-05,Poland,208.14
2022-06-06,Poland,208.14
2022-06-07,Poland,208.14
2022-06-08,Poland,208.14
2022-06-09,Poland,208.14
2022-06-10,Poland,208.14
2022-06-11,Poland,208.14
2022-06-12,Poland,205.14
2022-06-13,Poland,205.14
2022-06-14,Poland,205.14
2022-06-15,Poland,205.14
2022-06-16,Poland,205.14
2022-06-17,Poland,205.14
2022-06-18,Poland,205.14
2022-06-19,Poland,170.86
2022-06-20,Poland,170.86
2022-06-21,Poland,170.86
2022-06-22,Poland,170.86
2022-06-23,Poland,170.86
2022-06-24,Poland,170.86
2022-06-25,Poland,170.86
2022-06-26,Poland,262.86
2022-06-27,Poland,262.86
2022-06-28,Poland,262.86
2022-06-29,Poland,262.86
2022-06-30,Poland,262.86
2022-07-01,Poland,262.86
2022-07-02,Poland,262.86
2022-07-03,Poland,476.43
2022-07-04,Poland,476.43
2022-07-05,Poland,476.43
2022-07-06,Poland,476.43
2022-07-07,Poland,476.43
2022-07-08,Poland,476.43
2022-07-09,Poland,476.43
2022-07-10,Poland,831.43
2022-07-11,Poland,831.43
2022-07-12,Poland,831.43
2022-07-13,Poland,831.43
2022-07-14,Poland,831.43
2022-07-15,Poland,831.43
2022-07-16,Poland,831.43
2022-07-17,Poland,1464.43
2022-07-18,Poland,1464.43
2022-07-19,Poland,1464.43
2022-07-20,Poland,1464.43
2022-07-21,Poland,1464.43
2022-07-22,Poland,1464.43
2022-07-23,Poland,1464.43
2022-07-24,Poland,2370.71
2022-07-25,Poland,2370.71
2022-07-26,Poland,2370.71
2022-07-27,Poland,2370.71
2022-07-28,Poland,2370.71
2022-07-29,Poland,2370.71
2022-07-30,Poland,2370.71
2022-07-31,Poland,2951.57
2022-08-01,Poland,2951.57
2022-08-02,Poland,2951.57
2022-08-03,Poland,2951.57
2022-08-04,Poland,2951.57
2022-08-05,Poland,2951.57
2022-08-06,Poland,2951.57
2022-08-07,Poland,3518.57
2022-08-08,Poland,3518.57
2022-08-09,Poland,3518.57
2022-08-10,Poland,3518.57
2022-08-11,Poland,3518.57
2022-08-12,Poland,3518.57
2022-08-13,Poland,3518.57
2022-08-14,Poland,3572.71
2022-08-15,Poland,3572.71
2022-08-16,Poland,3572.71
2022-08-17,Poland,3572.71
2022-08-18,Poland,3572.71
2022-08-19,Poland,3572.71
2022-08-20,Poland,3572.71
2022-08-21,Poland,3491.0
2022-08-22,Poland,3491.0
2022-08-23,Poland,3491.0
2022-08-24,Poland,3491.0
2022-08-25,Poland,3491.0
2022-08-26,Poland,3491.0
2022-08-27,Poland,3491.0
2022-08-28,Poland,3363.0
2022-08-29,Poland,3363.0
2022-08-30,Poland,3363.0
2022-08-31,Poland,3363.0
2022-09-01,Poland,3363.0
2022-09-02,Poland,3363.0
2022-09-03,Poland,3363.0
2022-09-04,Poland,2896.43
2022-09-05,Poland,2896.43
2022-09-06,Poland,2896.43
2022-09-07,Poland,2896.43
2022-09-08,Poland,2896.43
2022-09-09,Poland,2896.43
2022-09-10,Poland,2896.43
2022-09-11,Poland,3597.0
2022-09-12,Poland,3597.0
2022-09-13,Poland,3597.0
2022-09-14,Poland,3597.0
2022-09-15,Poland,3597.0
2022-09-16,Poland,3597.0
2022-09-17,Poland,3597.0
2022-09-18,Poland,4581.57
2022-09-19,Poland,4581.57
2022-09-20,Poland,4581.57
2022-09-21,Poland,4581.57
2022-09-22,Poland,4581.57
2022-09-23,Poland,4581.57
2022-09-24,Poland,4581.57
2022-09-25,Poland,4098.86
2022-09-26,Poland,4098.86
2022-09-27,Poland,4098.86
2022-09-28,Poland,4098.86
2022-09-29,Poland,4098.86
2022-09-30,Poland,4098.86
2022-10-01,Poland,4098.86
2022-10-02,Poland,3447.86
2022-10-03,Poland,3447.86
2022-10-04,Poland,3447.86
2022-10-05,Poland,3447.86
2022-10-06,Poland,3447.86
2022-10-07,Poland,3447.86
2022-10-08,Poland,3447.86
2022-10-09,Poland,2537.57
2022-10-10,Poland,2537.57
2022-10-11,Poland,2537.57
2022-10-12,Poland,2537.57
2022-10-13,Poland,2537.57
2022-10-14,Poland,2537.57
2022-10-15,Poland,2537.57
2022-10-16,Poland,1656.86
2022-10-17,Poland,1656.86
2022-10-18,Poland,1656.86
2022-10-19,Poland,1656.86
2022-10-20,Poland,1656.86
2022-10-21,Poland,1656.86
2022-10-22,Poland,1656.86
2022-10-23,Poland,1163.86
2022-10-24,Poland,1163.86
2022-10-25,Poland,1163.86
2022-10-26,Poland,1163.86
2022-10-27,Poland,1163.86
2022-10-28,Poland,1163.86
2022-10-29,Poland,1163.86
2022-10-30,Poland,772.0
2022-10-31,Poland,772.0
2022-11-01,Poland,772.0
2022-11-02,Poland,772.0
2022-11-03,Poland,772.0
2022-11-04,Poland,772.0
2022-11-05,Poland,772.0
2022-11-06,Poland,498.71
2022-11-07,Poland,498.71
2022-11-08,Poland,498.71
2022-11-09,Poland,498.71
2022-11-10,Poland,498.71
2022-11-11,Poland,498.71
2022-11-12,Poland,498.71
2022-11-13,Poland,362.71
2022-11-14,Poland,362.71
2022-11-15,Poland,362.71
2022-11-16,Poland,362.71
2022-11-17,Poland,362.71
2022-11-18,Poland,362.71
2022-11-19,Poland,362.71
2022-11-20,Poland,361.86
2022-11-21,Poland,361.86
2022-11-22,Poland,361.86
2022-11-23,Poland,361.86
2022-11-24,Poland,361.86
2022-11-25,Poland,361.86
2022-11-26,Poland,361.86
2022-11-27,Poland,353.57
2022-11-28,Poland,353.57
2022-11-29,Poland,353.57
2022-11-30,Poland,353.57
2022-12-01,Poland,353.57
2022-12-02,Poland,353.57
2022-12-03,Poland,353.57
2022-12-04,Poland,441.57
2022-12-05,Poland,441.57
2022-12-06,Poland,441.57
2022-12-07,Poland,441.57
2022-12-08,Poland,441.57
2022-12-09,Poland,441.57
2022-12-10,Poland,441.57
2022-12-11,Poland,441.29
2022-12-12,Poland,441.29
2022-12-13,Poland,441.29
2022-12-14,Poland,441.29
2022-12-15,Poland,441.29
2022-12-16,Poland,441.29
2022-12-17,Poland,441.29
2022-12-18,Poland,586.43
2022-12-19,Poland,586.43
2022-12-20,Poland,586.43
2022-12-21,Poland,586.43
2022-12-22,Poland,586.43
2022-12-23,Poland,586.43
2022-12-24,Poland,586.43
2022-12-25,Poland,555.86
2022-12-26,Poland,555.86
2022-12-27,Poland,555.86
2022-12-28,Poland,555.86
2022-12-29,Poland,555.86
2022-12-30,Poland,555.86
2022-12-31,Poland,555.86
2023-01-01,Poland,451.43
2023-01-02,Poland,451.43
2023-01-03,Poland,451.43
2023-01-04,Poland,451.43
2023-01-05,Poland,451.43
2023-01-06,Poland,451.43
2023-01-07,Poland,451.43
2023-01-08,Poland,376.14
2023-01-09,Poland,376.14
2023-01-10,Poland,376.14
2023-01-11,Poland,376.14
2023-01-12,Poland,376.14
2023-01-13,Poland,376.14
2023-01-14,Poland,376.14
2023-01-15,Poland,294.29
2023-01-16,Poland,294.29
2023-01-17,Poland,294.29
2023-01-18,Poland,294.29
2023-01-19,Poland,294.29
2023-01-20,Poland,294.29
2023-01-21,Poland,294.29
2023-01-22,Poland,297.57
2023-01-23,Poland,297.57
2023-01-24,Poland,297.57
2023-01-25,Poland,297.57
2023-01-26,Poland,297.57
2023-01-27,Poland,297.57
2023-01-28,Poland,297.57
2023-01-29,Poland,412.57
2023-01-30,Poland,412.57
2023-01-31,Poland,412.57
2023-02-01,Poland,412.57
2023-02-02,Poland,412.57
2023-02-03,Poland,412.57
2023-02-04,Poland,412.57
2023-02-05,Poland,679.14
2023-02-06,Poland,679.14
2023-02-07,Poland,679.14
2023-02-08,Poland,679.14
2023-02-09,Poland,679.14
2023-02-10,Poland,679.14
2023-02-11,Poland,679.14
2023-02-12,Poland,950.71
2023-02-13,Poland,950.71
2023-02-14,Poland,950.71
2023-02-15,Poland,950.71
2023-02-16,Poland,950.71
2023-02-17,Poland,950.71
2023-02-18,Poland,950.71
2023-02-19,Poland,1514.71
2023-02-20,Poland,1514.71
2023-02-21,Poland,1514.71
2023-02-22,Poland,1514.71
2023-02-23,Poland,1514.71
2023-02-24,Poland,1514.71
2023-02-25,Poland,1514.71
2023-02-26,Poland,2138.71
2023-02-27,Poland,2138.71
2023-02-28,Poland,2138.71
2023-03-01,Poland,2138.71
2023-03-02,Poland,2138.71
2023-03-03,Poland,2138.71
2023-03-04,Poland,2138.71
2023-03-05,Poland,2437.43
2023-03-06,Poland,2437.43
2023-03-07,Poland,2437.43
2023-03-08,Poland,2437.43
2023-03-09,Poland,2437.43
2023-03-10,Poland,2437.43
2023-03-11,Poland,2437.43
2023-03-12,Poland,2912.14
2023-03-13,Poland,2912.14
2023-03-14,Poland,2912.14
2023-03-15,Poland,2912.14
2023-03-16,Poland,2912.14
2023-03-17,Poland,2912.14
2023-03-18,Poland,2912.14
2023-03-19,Poland,2906.71
2023-03-20,Poland,2906.71
2023-03-21,Poland,2906.71
2023-03-22,Poland,2906.71
2023-03-23,Poland,2906.71
2023-03-24,Poland,2906.71
2023-03-25,Poland,2906.71
2023-03-26,Poland,2197.57
2023-03-27,Poland,2197.57
2023-03-28,Poland,2197.57
2023-03-29,Poland,2197.57
2023-03-30,Poland,2197.57
2023-03-31,Poland,2197.57
2023-04-01,Poland,2197.57
2023-04-02,Poland,1336.86
2023-04-03,Poland,1336.86
2023-04-04,Poland,1336.86
2023-04-05,Poland,1336.86
2023-04-06,Poland,1336.86
2023-04-07,Poland,1336.86
2023-04-08,Poland,1336.86
2023-04-09,Poland,910.0
2023-04-10,Poland,910.0
2023-04-11,Poland,910.0
2023-04-12,Poland,910.0
2023-04-13,Poland,910.0
2023-04-14,Poland,910.0
2023-04-15,Poland,910.0
2023-04-16,Poland,667.29
2023-04-17,Poland,667.29
2023-04-18,Poland,667.29
2023-04-19,Poland,667.29
2023-04-20,Poland,667.29
2023-04-21,Poland,667.29
2023-04-22,Poland,667.29
2023-04-23,Poland,459.29
2023-04-24,Poland,459.29
2023-04-25,Poland,459.29
2023-04-26,Poland,459.29
2023-04-27,Poland,459.29
2023-04-28,Poland,459.29
2023-04-29,Poland,459.29
2023-04-30,Poland,271.57
2023-05-01,Poland,271.57
2023-05-02,Poland,271.57
2023-05-03,Poland,271.57
2023-05-04,Poland,271.57
2023-05-05,Poland,271.57
2023-05-06,Poland,271.57
2023-05-07,Poland,133.29
2023-05-08,Poland,133.29
2023-05-09,Poland,133.29
2023-05-10,Poland,133.29
2023-05-11,Poland,133.29
2023-05-12,Poland,133.29
2023-05-13,Poland,133.29
2023-05-14,Poland,115.0
2023-05-15,Poland,115.0
2023-05-16,Poland,115.0
2023-05-17,Poland,115.0
2023-05-18,Poland,115.0
2023-05-19,Poland,115.0
2023-05-20,Poland,115.0
2023-05-21,Poland,93.14
2023-05-22,Poland,93.14
2023-05-23,Poland,93.14
2023-05-24,Poland,93.14
2023-05-25,Poland,93.14
2023-05-26,Poland,93.14
2023-05-27,Poland,93.14
2023-05-28,Poland,72.86
2023-05-29,Poland,72.86
2023-05-30,Poland,72.86
2023-05-31,Poland,72.86
2023-06-01,Poland,72.86
2023-06-02,Poland,72.86
2023-06-03,Poland,72.86
2023-06-04,Poland,55.14
2023-06-05,Poland,55.14
2023-06-06,Poland,55.14
2023-06-07,Poland,55.14
2023-06-08,Poland,55.14
2023-06-09,Poland,55.14
2023-06-10,Poland,55.14
2023-06-11,Poland,37.14
2023-06-12,Poland,37.14
2023-06-13,Poland,37.14
2023-06-14,Poland,37.14
2023-06-15,Poland,37.14
2023-06-16,Poland,37.14
2023-06-17,Poland,37.14
2023-06-18,Poland,28.71
2023-06-19,Poland,28.71
2023-06-20,Poland,28.71
2023-06-21,Poland,28.71
2023-06-22,Poland,28.71
2023-06-23,Poland,28.71
2023-06-24,Poland,28.71
2023-06-25,Poland,25.57
2023-06-26,Poland,25.57
2023-06-27,Poland,25.57
2023-06-28,Poland,25.57
2023-06-29,Poland,25.57
2023-06-30,Poland,25.57
2023-07-01,Poland,25.57
2023-07-02,Poland,14.71
2023-07-03,Poland,14.71
2023-07-04,Poland,14.71
2023-07-05,Poland,14.71
2023-07-06,Poland,14.71
2023-07-07,Poland,14.71
2023-07-08,Poland,14.71
2023-07-09,Poland,9.57
2023-07-10,Poland,9.57
2023-07-11,Poland,9.57
2023-07-12,Poland,9.57
2023-07-13,Poland,9.57
2023-07-14,Poland,9.57
2023-07-15,Poland,9.57
2023-07-16,Poland,11.57
2023-07-17,Poland,11.57
2023-07-18,Poland,11.57
2023-07-19,Poland,11.57
2023-07-20,Poland,11.57
2023-07-21,Poland,11.57
2023-07-22,Poland,11.57
2023-07-23,Poland,10.14
2023-07-24,Poland,10.14
2023-07-25,Poland,10.14
2023-07-26,Poland,10.14
2023-07-27,Poland,10.14
2023-07-28,Poland,10.14
2023-07-29,Poland,10.14
2023-07-30,Poland,6.71
2023-07-31,Poland,6.71
2023-08-01,Poland,6.71
2023-08-02,Poland,6.71
2023-08-03,Poland,6.71
2023-08-04,Poland,6.71
2023-08-05,Poland,6.71
2023-08-06,Poland,13.43
2023-08-07,Poland,13.43
2023-08-08,Poland,13.43
2023-08-09,Poland,13.43
2023-08-10,Poland,13.43
2023-08-11,Poland,13.43
2023-08-12,Poland,13.43
2023-08-13,Poland,17.86
2023-08-14,Poland,17.86
2023-08-15,Poland,17.86
2023-08-16,Poland,17.86
2023-08-17,Poland,17.86
2023-08-18,Poland,17.86
2023-08-19,Poland,17.86
2023-08-20,Poland,26.86
2023-08-21,Poland,26.86
2023-08-22,Poland,26.86
2023-08-23,Poland,26.86
2023-08-24,Poland,26.86
2023-08-25,Poland,26.86
2023-08-26,Poland,26.86
2023-08-27,Poland,36.0
2023-08-28,Poland,36.0
2023-08-29,Poland,36.0
2023-08-30,Poland,36.0
2023-08-31,Poland,36.0
2023-09-01,Poland,36.0
2023-09-02,Poland,36.0
2023-09-03,Poland,52.71
2023-09-04,Poland,52.71
2023-09-05,Poland,52.71
2023-09-06,Poland,52.71
2023-09-07,Poland,52.71
2023-09-08,Poland,52.71
2023-09-09,Poland,52.71
2023-09-10,Poland,77.0
2023-09-11,Poland,77.0
2023-09-12,Poland,77.0
2023-09-13,Poland,77.0
2023-09-14,Poland,77.0
2023-09-15,Poland,77.0
2023-09-16,Poland,77.0
2023-09-17,Poland,133.29
2023-09-18,Poland,133.29
2023-09-19,Poland,133.29
2023-09-20,Poland,133.29
2023-09-21,Poland,133.29
2023-09-22,Poland,133.29
2023-09-23,Poland,133.29
2023-09-24,Poland,174.57
2023-09-25,Poland,174.57
2023-09-26,Poland,174.57
2023-09-27,Poland,174.57
2023-09-28,Poland,174.57
2023-09-29,Poland,174.57
2023-09-30,Poland,174.57
2023-10-01,Poland,205.29
2023-10-02,Poland,205.29
2023-10-03,Poland,205.29
2023-10-04,Poland,205.29
2023-10-05,Poland,205.29
2023-10-06,Poland,205.29
2023-10-07,Poland,205.29
2023-10-08,Poland,204.43
2023-10-09,Poland,204.43
2023-10-10,Poland,204.43
2023-10-11,Poland,204.43
2023-10-12,Poland,204.43
2023-10-13,Poland,204.43
2023-10-14,Poland,204.43
2023-10-15,Poland,248.57
2023-10-16,Poland,248.57
2023-10-17,Poland,248.57
2023-10-18,Poland,248.57
2023-10-19,Poland,248.57
2023-10-20,Poland,248.57
2023-10-21,Poland,248.57
2023-10-22,Poland,356.43
2023-10-23,Poland,356.43
2023-10-24,Poland,356.43
2023-10-25,Poland,356.43
2023-10-26,Poland,356.43
2023-10-27,Poland,356.43
2023-10-28,Poland,356.43
2023-10-29,Poland,562.57
2023-10-30,Poland,562.57
2023-10-31,Poland,562.57
2023-11-01,Poland,562.57
2023-11-02,Poland,562.57
2023-11-03,Poland,562.57
2023-11-04,Poland,562.57
2023-11-05,Poland,608.71
2023-11-06,Poland,608.71
2023-11-07,Poland,608.71
2023-11-08,Poland,608.71
2023-11-09,Poland,608.71
2023-11-10,Poland,608.71
2023-11-11,Poland,608.71
2023-11-12,Poland,889.57
2023-11-13,Poland,889.57
2023-11-14,Poland,889.57
2023-11-15,Poland,889.57
2023-11-16,Poland,889.57
2023-11-17,Poland,889.57
2023-11-18,Poland,889.57
2023-11-19,Poland,1066.14
2023-11-20,Poland,1066.14
2023-11-21,Poland,1066.14
2023-11-22,Poland,1066.14
2023-11-23,Poland,1066.14
2023-11-24,Poland,1066.14
2023-11-25,Poland,1066.14
2023-11-26,Poland,1387.14
2023-11-27,Poland,1387.14
2023-11-28,Poland,1387.14
2023-11-29,Poland,1387.14
2023-11-30,Poland,1387.14
2023-12-01,Poland,1387.14
2023-12-02,Poland,1387.14
2023-12-03,Poland,1873.0
2023-12-04,Poland,1873.0
2023-12-05,Poland,1873.0
2023-12-06,Poland,1873.0
2023-12-07,Poland,1873.0
2023-12-08,Poland,1873.0
2023-12-09,Poland,1873.0
2023-12-10,Poland,2429.57
2023-12-11,Poland,2429.57
2023-12-12,Poland,2429.57
2023-12-13,Poland,2429.57
2023-12-14,Poland,2429.57
2023-12-15,Poland,2429.57
2023-12-16,Poland,2429.57
2023-12-17,Poland,2624.86
2023-12-18,Poland,2624.86
2023-12-19,Poland,2624.86
2023-12-20,Poland,2624.86
2023-12-21,Poland,2624.86
2023-12-22,Poland,2624.86
2023-12-23,Poland,2624.86
2023-12-24,Poland,2222.0
2023-12-25,Poland,2222.0
2023-12-26,Poland,2222.0
2023-12-27,Poland,2222.0
2023-12-28,Poland,2222.0
2023-12-29,Poland,2222.0
2023-12-30,Poland,2222.0
2023-12-31,Poland,1059.86
2024-01-01,Poland,1059.86
2024-01-02,Poland,1059.86
2024-01-03,Poland,1059.86
2024-01-04,Poland,1059.86
2024-01-05,Poland,1059.86
2024-01-06,Poland,1059.86
2024-01-07,Poland,1230.43
2024-01-08,Poland,1230.43
2024-01-09,Poland,1230.43
2024-01-10,Poland,1230.43
2024-01-11,Poland,1230.43
2024-01-12,Poland,1230.43
2024-01-13,Poland,1230.43
2024-01-14,Poland,710.57
2024-01-15,Poland,710.57
2024-01-16,Poland,710.57
2024-01-17,Poland,710.57
2024-01-18,Poland,710.57
2024-01-19,Poland,710.57
2024-01-20,Poland,710.57
2024-01-21,Poland,609.29
2024-01-22,Poland,609.29
2024-01-23,Poland,609.29
2024-01-24,Poland,609.29
2024-01-25,Poland,609.29
2024-01-26,Poland,609.29
2024-01-27,Poland,609.29
2024-01-28,Poland,492.57
2024-01-29,Poland,492.57
2024-01-30,Poland,492.57
2024-01-31,Poland,492.57
2024-02-01,Poland,492.57
2024-02-02,Poland,492.57
2024-02-03,Poland,492.57
2024-02-04,Poland,342.0
2024-02-05,Poland,342.0
2024-02-06,Poland,342.0
2024-02-07,Poland,342.0
2024-02-08,Poland,342.0
2024-02-09,Poland,342.0
2024-02-10,Poland,342.0
2024-02-11,Poland,256.14
2024-02-12,Poland,256.14
2024-02-13,Poland,256.14
2024-02-14,Poland,256.14
2024-02-15,Poland,256.14
2024-02-16,Poland,256.14
2024-02-17,Poland,256.14
2024-02-18,Poland,185.71
2024-02-19,Poland,185.71
2024-02-20,Poland,185.71
2024-02-21,Poland,185.71
2024-02-22,Poland,185.71
2024-02-23,Poland,185.71
2024-02-24,Poland,185.71
2024-02-25,Poland,158.14
2024-02-26,Poland,158.14
2024-02-27,Poland,158.14
2024-02-28,Poland,158.14
2024-02-29,Poland,158.14
2024-03-01,Poland,158.14
2024-03-02,Poland,158.14
2024-03-03,Poland,97.57
2024-03-04,Poland,97.57
2024-03-05,Poland,97.57
2024-03-06,Poland,97.57
2024-03-07,Poland,97.57
2024-03-08,Poland,97.57
2024-03-09,Poland,97.57
2024-03-10,Poland,66.71
2024-03-11,Poland,66.71
2024-03-12,Poland,66.71
2024-03-13,Poland,66.71
2024-03-14,Poland,66.71
2024-03-15,Poland,66.71
2024-03-16,Poland,66.71
2024-03-17,Poland,54.29
2024-03-18,Poland,54.29
2024-03-19,Poland,54.29
2024-03-20,Poland,54.29
2024-03-21,Poland,54.29
2024-03-22,Poland,54.29
2024-03-23,Poland,54.29
2024-03-24,Poland,39.57
2024-03-25,Poland,39.57
2024-03-26,Poland,39.57
2024-03-27,Poland,39.57
2024-03-28,Poland,39.57
2024-03-29,Poland,39.57
2024-03-30,Poland,39.57
2024-03-31,Poland,36.14
2024-04-01,Poland,36.14
2024-04-02,Poland,36.14
2024-04-03,Poland,36.14
2024-04-04,Poland,36.14
2024-04-05,Poland,36.14
2024-04-06,Poland,36.14
2024-04-07,Poland,24.43
2024-04-08,Poland,24.43
2024-04-09,Poland,24.43
2024-04-10,Poland,24.43
2024-04-11,Poland,24.43
2024-04-12,Poland,24.43
2024-04-13,Poland,24.43
2024-04-14,Poland,19.43
2024-04-15,Poland,19.43
2024-04-16,Poland,19.43
2024-04-17,Poland,19.43
2024-04-18,Poland,19.43
2024-04-19,Poland,19.43
2024-04-20,Poland,19.43
2024-04-21,Poland,12.14
2024-04-22,Poland,12.14
2024-04-23,Poland,12.14
2024-04-24,Poland,12.14
2024-04-25,Poland,12.14
2024-04-26,Poland,12.14
2024-04-27,Poland,12.14
2024-04-28,Poland,15.71
2024-04-29,Poland,15.71
2024-04-30,Poland,15.71
2024-05-01,Poland,15.71
2024-05-02,Poland,15.71
2024-05-03,Poland,15.71
2024-05-04,Poland,15.71
2024-05-05,Poland,15.71
2024-05-06,Poland,15.71
2024-05-07,Poland,15.71
2024-05-08,Poland,15.71
2024-05-09,Poland,15.71
2024-05-10,Poland,15.71
2024-05-11,Poland,15.71
2024-05-12,Poland,14.43
2024-05-13,Poland,14.43
2024-05-14,Poland,14.43
2024-05-15,Poland,14.43
2024-05-16,Poland,14.43
2024-05-17,Poland,14.43
2024-05-18,Poland,14.43
2024-05-19,Poland,22.29
2024-05-20,Poland,22.29
2024-05-21,Poland,22.29
2024-05-22,Poland,22.29
2024-05-23,Poland,22.29
2024-05-24,Poland,22.29
2024-05-25,Poland,22.29
2024-05-26,Poland,20.14
2024-05-27,Poland,20.14
2024-05-28,Poland,20.14
2024-05-29,Poland,20.14
2024-05-30,Poland,20.14
2024-05-31,Poland,20.14
2024-06-01,Poland,20.14
2024-06-02,Poland,17.86
2024-06-03,Poland,17.86
2024-06-04,Poland,17.86
2024-06-05,Poland,17.86
2024-06-06,Poland,17.86
2024-06-07,Poland,17.86
2024-06-08,Poland,17.86
2024-06-09,Poland,24.43
2024-06-10,Poland,24.43
2024-06-11,Poland,24.43
2024-06-12,Poland,24.43
2024-06-13,Poland,24.43
2024-06-14,Poland,24.43
2024-06-15,Poland,24.43
2024-06-16,Poland,36.43
2024-06-17,Poland,36.43
2024-06-18,Poland,36.43
2024-06-19,Poland,36.43
2024-06-20,Poland,36.43
2024-06-21,Poland,36.43
2024-06-22,Poland,36.43
2024-06-23,Poland,55.0
2024-06-24,Poland,55.0
2024-06-25,Poland,55.0
2024-06-26,Poland,55.0
2024-06-27,Poland,55.0
2024-06-28,Poland,55.0
2024-06-29,Poland,55.0
2024-06-30,Poland,64.43
2024-07-01,Poland,64.43
2024-07-02,Poland,64.43
2024-07-03,Poland,64.43
2024-07-04,Poland,64.43
2024-07-05,Poland,64.43
2024-07-06,Poland,64.43
2024-07-07,Poland,74.14
2024-07-08,Poland,74.14
2024-07-09,Poland,74.14
2024-07-10,Poland,74.14
2024-07-11,Poland,74.14
2024-07-12,Poland,74.14
2024-07-13,Poland,74.14
2024-07-14,Poland,112.57
2024-07-15,Poland,112.57
2024-07-16,Poland,112.57
2024-07-17,Poland,112.57
2024-07-18,Poland,112.57
2024-07-19,Poland,112.57
2024-07-20,Poland,112.57
2024-07-21,Poland,130.57
2024-07-22,Poland,130.57
2024-07-23,Poland,130.57
2024-07-24,Poland,130.57
2024-07-25,Poland,130.57
2024-07-26,Poland,130.57
2024-07-27,Poland,130.57
2024-07-28,Poland,242.71
2024-07-29,Poland,242.71
2024-07-30,Poland,242.71
2024-07-31,Poland,242.71
2024-08-01,Poland,242.71
2024-08-02,Poland,242.71
2024-08-03,Poland,242.71
2024-08-04,Poland,351.86
2020-01-10,Spain,0.0
2020-01-11,Spain,0.0
2020-01-12,Spain,0.0
2020-01-13,Spain,0.0
2020-01-14,Spain,0.0
2020-01-15,Spain,0.0
2020-01-16,Spain,0.0
2020-01-17,Spain,0.0
2020-01-18,Spain,0.0
2020-01-19,Spain,0.29
2020-01-20,Spain,0.29
2020-01-21,Spain,0.29
2020-01-22,Spain,0.29
2020-01-23,Spain,0.29
2020-01-24,Spain,0.29
2020-01-25,Spain,0.29
2020-01-26,Spain,0.14
2020-01-27,Spain,0.14
2020-01-28,Spain,0.14
2020-01-29,Spain,0.14
2020-01-30,Spain,0.14
2020-01-31,Spain,0.14
2020-02-01,Spain,0.14
2020-02-02,Spain,0.29
2020-02-03,Spain,0.29
2020-02-04,Spain,0.29
2020-02-05,Spain,0.29
2020-02-06,Spain,0.29
2020-02-07,Spain,0.29
2020-02-08,Spain,0.29
2020-02-09,Spain,0.29
2020-02-10,Spain,0.29
2020-02-11,Spain,0.29
2020-02-12,Spain,0.29
2020-02-13,Spain,0.29
2020-02-14,Spain,0.29
2020-02-15,Spain,0.29
2020-02-16,Spain,0.57
2020-02-17,Spain,0.57
2020-02-18,Spain,0.57
2020-02-19,Spain,0.57
2020-02-20,Spain,0.57
2020-02-21,Spain,0.57
2020-02-22,Spain,0.57
2020-02-23,Spain,1.14
2020-02-24,Spain,1.14
2020-02-25,Spain,1.14
2020-02-26,Spain,1.14
2020-02-27,Spain,1.14
2020-02-28,Spain,1.14
2020-02-29,Spain,1.14
2020-03-01,Spain,18.43
2020-03-02,Spain,18.43
2020-03-03,Spain,18.43
2020-03-04,Spain,18.43
2020-03-05,Spain,18.43
2020-03-06,Spain,18.43
2020-03-07,Spain,18.43
2020-03-08,Spain,203.29
2020-03-09,Spain,203.29
2020-03-10,Spain,203.29
2020-03-11,Spain,203.29
2020-03-12,Spain,203.29
2020-03-13,Spain,203.29
2020-03-14,Spain,203.29
2020-03-15,Spain,1657.57
2020-03-16,Spain,1657.57
2020-03-17,Spain,1657.57
2020-03-18,Spain,1657.57
2020-03-19,Spain,1657.57
2020-03-20,Spain,1657.57
2020-03-21,Spain,1657.57
2020-03-22,Spain,5192.29
2020-03-23,Spain,5192.29
2020-03-24,Spain,5192.29
2020-03-25,Spain,5192.29
2020-03-26,Spain,5192.29
2020-03-27,Spain,5192.29
2020-03-28,Spain,5192.29
2020-03-29,Spain,8477.71
2020-03-30,Spain,8477.71
2020-03-31,Spain,8477.71
2020-04-01,Spain,8477.71
2020-04-02,Spain,8477.71
2020-04-03,Spain,8477.71
2020-04-04,Spain,8477.71
2020-04-05,Spain,6343.29
2020-04-06,Spain,6343.29
2020-04-07,Spain,6343.29
2020-04-08,Spain,6343.29
2020-04-09,Spain,6343.29
2020-04-10,Spain,6343.29
2020-04-11,Spain,6343.29
2020-04-12,Spain,4369.29
2020-04-13,Spain,4369.29
2020-04-14,Spain,4369.29
2020-04-15,Spain,4369.29
2020-04-16,Spain,4369.29
2020-04-17,Spain,4369.29
2020-04-18,Spain,4369.29
2020-04-19,Spain,3035.71
2020-04-20,Spain,3035.71
2020-04-21,Spain,3035.71
2020-04-22,Spain,3035.71
2020-04-23,Spain,3035.71
2020-04-24,Spain,3035.71
2020-04-25,Spain,3035.71
2020-04-26,Spain,2082.0
2020-04-27,Spain,2082.0
2020-04-28,Spain,2082.0
2020-04-29,Spain,2082.0
2020-04-30,Spain,2082.0
2020-05-01,Spain,2082.0
2020-05-02,Spain,2082.0
2020-05-03,Spain,1157.0
2020-05-04,Spain,1157.0
2020-05-05,Spain,1157.0
2020-05-06,Spain,1157.0
2020-05-07,Spain,1157.0
2020-05-08,Spain,1157.0
2020-05-09,Spain,1157.0
2020-05-10,Spain,803.43
2020-05-11,Spain,803.43
2020-05-12,Spain,803.43
2020-05-13,Spain,803.43
2020-05-14,Spain,803.43
2020-05-15,Spain,803.43
2020-05-16,Spain,803.43
2020-05-17,Spain,771.14
2020-05-18,Spain,771.14
2020-05-19,Spain,771.14
2020-05-20,Spain,771.14
2020-05-21,Spain,771.14
2020-05-22,Spain,771.14
2020-05-23,Spain,771.14
2020-05-24,Spain,627.71
2020-05-25,Spain,627.71
2020-05-26,Spain,627.71
2020-05-27,Spain,627.71
2020-05-28,Spain,627.71
2020-05-29,Spain,627.71
2020-05-30,Spain,627.71
2020-05-31,Spain,545.43
2020-06-01,Spain,545.43
2020-06-02,Spain,545.43
2020-06-03,Spain,545.43
2020-06-04,Spain,545.43
2020-06-05,Spain,545.43
2020-06-06,Spain,545.43
2020-06-07,Spain,432.71
2020-06-08,Spain,432.71
2020-06-09,Spain,432.71
2020-06-10,Spain,432.71
2020-06-11,Spain,432.71
2020-06-12,Spain,432.71
2020-06-13,Spain,432.71
2020-06-14,Spain,337.14
2020-06-15,Spain,337.14
2020-06-16,Spain,337.14
2020-06-17,Spain,337.14
2020-06-18,Spain,337.14
2020-06-19,Spain,337.14
2020-06-20,Spain,337.14
2020-06-21,Spain,315.57
2020-06-22,Spain,315.57
2020-06-23,Spain,315.57
2020-06-24,Spain,315.57
2020-06-25,Spain,315.57
2020-06-26,Spain,315.57
2020-06-27,Spain,315.57
2020-06-28,Spain,336.14
2020-06-29,Spain,336.14
2020-06-30,Spain,336.14
2020-07-01,Spain,336.14
2020-07-02,Spain,336.14
2020-07-03,Spain,336.14
2020-07-04,Spain,336.14
2020-07-05,Spain,400.86
2020-07-06,Spain,400.86
2020-07-07,Spain,400.86
2020-07-08,Spain,400.86
2020-07-09,Spain,400.86
2020-07-10,Spain,400.86
2020-07-11,Spain,400.86
2020-07-12,Spain,695.14
2020-07-13,Spain,695.14
2020-07-14,Spain,695.14
2020-07-15,Spain,695.14
2020-07-16,Spain,695.14
2020-07-17,Spain,695.14
2020-07-18,Spain,695.14
2020-07-19,Spain,1462.14
2020-07-20,Spain,1462.14
2020-07-21,Spain,1462.14
2020-07-22,Spain,1462.14
2020-07-23,Spain,1462.14
2020-07-24,Spain,1462.14
2020-07-25,Spain,1462.14
2020-07-26,Spain,2072.43
2020-07-27,Spain,2072.43
2020-07-28,Spain,2072.43
2020-07-29,Spain,2072.43
2020-07-30,Spain,2072.43
2020-07-31,Spain,2072.43
2020-08-01,Spain,2072.43
2020-08-02,Spain,2903.0
2020-08-03,Spain,2903.0
2020-08-04,Spain,2903.0
2020-08-05,Spain,2903.0
2020-08-06,Spain,2903.0
2020-08-07,Spain,2903.0
2020-08-08,Spain,2903.0
2020-08-09,Spain,4043.0
2020-08-10,Spain,4043.0
2020-08-11,Spain,4043.0
2020-08-12,Spain,4043.0
2020-08-13,Spain,4043.0
2020-08-14,Spain,4043.0
2020-08-15,Spain,4043.0
2020-08-16,Spain,5731.86
2020-08-17,Spain,5731.86
2020-08-18,Spain,5731.86
2020-08-19,Spain,5731.86
2020-08-20,Spain,5731.86
2020-08-21,Spain,5731.86
2020-08-22,Spain,5731.86
2020-08-23,Spain,7437.43
2020-08-24,Spain,7437.43
2020-08-25,Spain,7437.43
2020-08-26,Spain,7437.43
2020-08-27,Spain,7437.43
2020-08-28,Spain,7437.43
2020-08-29,Spain,7437.43
2020-08-30,Spain,8725.71
2020-08-31,Spain,8725.71
2020-09-01,Spain,8725.71
2020-09-02,Spain,8725.71
2020-09-03,Spain,8725.71
2020-09-04,Spain,8725.71
2020-09-05,Spain,8725.71
2020-09-06,Spain,9357.14
2020-09-07,Spain,9357.14
2020-09-08,Spain,9357.14
2020-09-09,Spain,9357.14
2020-09-10,Spain,9357.14
2020-09-11,Spain,9357.14
2020-09-12,Spain,9357.14
2020-09-13,Spain,10581.86
2020-09-14,Spain,10581.86
2020-09-15,Spain,10581.86
2020-09-16,Spain,10581.86
2020-09-17,Spain,10581.86
2020-09-18,Spain,10581.86
2020-09-19,Spain,10581.86
2020-09-20,Spain,11544.0
2020-09-21,Spain,11544.0
2020-09-22,Spain,11544.0
2020-09-23,Spain,11544.0
2020-09-24,Spain,11544.0
2020-09-25,Spain,11544.0
2020-09-26,Spain,11544.0
2020-09-27,Spain,10353.43
2020-09-28,Spain,10353.43
2020-09-29,Spain,10353.43
2020-09-30,Spain,10353.43
2020-10-01,Spain,10353.43
2020-10-02,Spain,10353.43
2020-10-03,Spain,10353.43
2020-10-04,Spain,9304.71
2020-10-05,Spain,9304.71
2020-10-06,Spain,9304.71
2020-10-07,Spain,9304.71
2020-10-08,Spain,9304.71
2020-10-09,Spain,9304.71
2020-10-10,Spain,9304.71
2020-10-11,Spain,11113.86
2020-10-12,Spain,11113.86
2020-10-13,Spain,11113.86
2020-10-14,Spain,11113.86
2020-10-15,Spain,11113.86
2020-10-16,Spain,11113.86
2020-10-17,Spain,11113.86
2020-10-18,Spain,13021.57
2020-10-19,Spain,13021.57
2020-10-20,Spain,13021.57
2020-10-21,Spain,13021.57
2020-10-22,Spain,13021.57
2020-10-23,Spain,13021.57
2020-10-24,Spain,13021.57
2020-10-25,Spain,19326.86
2020-10-26,Spain,19326.86
2020-10-27,Spain,19326.86
2020-10-28,Spain,19326.86
2020-10-29,Spain,19326.86
2020-10-30,Spain,19326.86
2020-10-31,Spain,19326.86
2020-11-01,Spain,20696.71
2020-11-02,Spain,20696.71
2020-11-03,Spain,20696.71
2020-11-04,Spain,20696.71
2020-11-05,Spain,20696.71
2020-11-06,Spain,20696.71
2020-11-07,Spain,20696.71
2020-11-08,Spain,19053.57
2020-11-09,Spain,19053.57
2020-11-10,Spain,19053.57
2020-11-11,Spain,19053.57
2020-11-12,Spain,19053.57
2020-11-13,Spain,19053.57
2020-11-14,Spain,19053.57
2020-11-15,Spain,16013.0
2020-11-16,Spain,16013.0
2020-11-17,Spain,16013.0
2020-11-18,Spain,16013.0
2020-11-19,Spain,16013.0
2020-11-20,Spain,16013.0
2020-11-21,Spain,16013.0
2020-11-22,Spain,11604.57
2020-11-23,Spain,11604.57
2020-11-24,Spain,11604.57
2020-11-25,Spain,11604.57
2020-11-26,Spain,11604.57
2020-11-27,Spain,11604.57
2020-11-28,Spain,11604.57
2020-11-29,Spain,8362.43
2020-11-30,Spain,8362.43
2020-12-01,Spain,8362.43
2020-12-02,Spain,8362.43
2020-12-03,Spain,8362.43
2020-12-04,Spain,8362.43
2020-12-05,Spain,8362.43
2020-12-06,Spain,7243.29
2020-12-07,Spain,7243.29
2020-12-08,Spain,7243.29
2020-12-09,Spain,7243.29
2020-12-10,Spain,7243.29
2020-12-11,Spain,7243.29
2020-12-12,Spain,7243.29
2020-12-13,Spain,7240.71
2020-12-14,Spain,7240.71
2020-12-15,Spain,7240.71
2020-12-16,Spain,7240.71
2020-12-17,Spain,7240.71
2020-12-18,Spain,7240.71
2020-12-19,Spain,7240.71
2020-12-20,Spain,9770.29
2020-12-21,Spain,9770.29
2020-12-22,Spain,9770.29
2020-12-23,Spain,9770.29
2020-12-24,Spain,9770.29
2020-12-25,Spain,9770.29
2020-12-26,Spain,9770.29
2020-12-27,Spain,9453.14
2020-12-28,Spain,9453.14
2020-12-29,Spain,9453.14
2020-12-30,Spain,9453.14
2020-12-31,Spain,9453.14
2021-01-01,Spain,9453.14
2021-01-02,Spain,9453.14
2021-01-03,Spain,14135.86
2021-01-04,Spain,14135.86
2021-01-05,Spain,14135.86
2021-01-06,Spain,14135.86
2021-01-07,Spain,14135.86
2021-01-08,Spain,14135.86
2021-01-09,Spain,14135.86
2021-01-10,Spain,22941.57
2021-01-11,Spain,22941.57
2021-01-12,Spain,22941.57
2021-01-13,Spain,22941.57
2021-01-14,Spain,22941.57
2021-01-15,Spain,22941.57
2021-01-16,Spain,22941.57
2021-01-17,Spain,33440.43
2021-01-18,Spain,33440.43
2021-01-19,Spain,33440.43
2021-01-20,Spain,33440.43
2021-01-21,Spain,33440.43
2021-01-22,Spain,33440.43
2021-01-23,Spain,33440.43
2021-01-24,Spain,34952.43
2021-01-25,Spain,34952.43
2021-01-26,Spain,34952.43
2021-01-27,Spain,34952.43
2021-01-28,Spain,34952.43
2021-01-29,Spain,34952.43
2021-01-30,Spain,34952.43
2021-01-31,Spain,28863.86
2021-02-01,Spain,28863.86
2021-02-02,Spain,28863.86
2021-02-03,Spain,28863.86
2021-02-04,Spain,28863.86
2021-02-05,Spain,28863.86
2021-02-06,Spain,28863.86
2021-02-07,Spain,18649.0
2021-02-08,Spain,18649.0
2021-02-09,Spain,18649.0
2021-02-10,Spain,18649.0
2021-02-11,Spain,18649.0
2021-02-12,Spain,18649.0
2021-02-13,Spain,18649.0
2021-02-14,Spain,10814.14
2021-02-15,Spain,10814.14
2021-02-16,Spain,10814.14
2021-02-17,Spain,10814.14
2021-02-18,Spain,10814.14
2021-02-19,Spain,10814.14
2021-02-20,Spain,10814.14
2021-02-21,Spain,7200.0
2021-02-22,Spain,7200.0
2021-02-23,Spain,7200.0
2021-02-24,Spain,7200.0
2021-02-25,Spain,7200.0
2021-02-26,Spain,7200.0
2021-02-27,Spain,7200.0
2021-02-28,Spain,5562.29
2021-03-01,Spain,5562.29
2021-03-02,Spain,5562.29
2021-03-03,Spain,5562.29
2021-03-04,Spain,5562.29
2021-03-05,Spain,5562.29
2021-03-06,Spain,5562.29
2021-03-07,Spain,4813.14
2021-03-08,Spain,4813.14
2021-03-09,Spain,4813.14
2021-03-10,Spain,4813.14
2021-03-11,Spain,4813.14
2021-03-12,Spain,4813.14
2021-03-13,Spain,4813.14
2021-03-14,Spain,4646.29
2021-03-15,Spain,4646.29
2021-03-16,Spain,4646.29
2021-03-17,Spain,4646.29
2021-03-18,Spain,4646.29
2021-03-19,Spain,4646.29
2021-03-20,Spain,4646.29
2021-03-21,Spain,4870.86
2021-03-22,Spain,4870.86
2021-03-23,Spain,4870.86
2021-03-24,Spain,4870.86
2021-03-25,Spain,4870.86
2021-03-26,Spain,4870.86
2021-03-27,Spain,4870.86
2021-03-28,Spain,6119.14
2021-03-29,Spain,6119.14
2021-03-30,Spain,6119.14
2021-03-31,Spain,6119.14
2021-04-01,Spain,6119.14
2021-04-02,Spain,6119.14
2021-04-03,Spain,6119.14
2021-04-04,Spain,6191.71
2021-04-05,Spain,6191.71
2021-04-06,Spain,6191.71
2021-04-07,Spain,6191.71
2021-04-08,Spain,6191.71
2021-04-09,Spain,6191.71
2021-04-10,Spain,6191.71
2021-04-11,Spain,8592.86
2021-04-12,Spain,8592.86
2021-04-13,Spain,8592.86
2021-04-14,Spain,8592.86
2021-04-15,Spain,8592.86
2021-04-16,Spain,8592.86
2021-04-17,Spain,8592.86
2021-04-18,Spain,8418.0
2021-04-19,Spain,8418.0
2021-04-20,Spain,8418.0
2021-04-21,Spain,8418.0
2021-04-22,Spain,8418.0
2021-04-23,Spain,8418.0
2021-04-24,Spain,8418.0
2021-04-25,Spain,8281.71
2021-04-26,Spain,8281.71
2021-04-27,Spain,8281.71
2021-04-28,Spain,8281.71
2021-04-29,Spain,8281.71
2021-04-30,Spain,8281.71
2021-05-01,Spain,8281.71
2021-05-02,Spain,7554.29
2021-05-03,Spain,7554.29
2021-05-04,Spain,7554.29
2021-05-05,Spain,7554.29
2021-05-06,Spain,7554.29
2021-05-07,Spain,7554.29
2021-05-08,Spain,7554.29
2021-05-09,Spain,5987.29
2021-05-10,Spain,5987.29
2021-05-11,Spain,5987.29
2021-05-12,Spain,5987.29
2021-05-13,Spain,5987.29
2021-05-14,Spain,5987.29
2021-05-15,Spain,5987.29
2021-05-16,Spain,4957.57
2021-05-17,Spain,4957.57
2021-05-18,Spain,4957.57
2021-05-19,Spain,4957.57
2021-05-20,Spain,4957.57
2021-05-21,Spain,4957.57
2021-05-22,Spain,4957.57
2021-05-23,Spain,4617.29
2021-05-24,Spain,4617.29
2021-05-25,Spain,4617.29
2021-05-26,Spain,4617.29
2021-05-27,Spain,4617.29
2021-05-28,Spain,4617.29
2021-05-29,Spain,4617.29
2021-05-30,Spain,4397.29
2021-05-31,Spain,4397.29
2021-06-01,Spain,4397.29
2021-06-02,Spain,4397.29
2021-06-03,Spain,4397.29
2021-06-04,Spain,4397.29
2021-06-05,Spain,4397.29
2021-06-06,Spain,4041.29
2021-06-07,Spain,4041.29
2021-06-08,Spain,4041.29
2021-06-09,Spain,4041.29
2021-06-10,Spain,4041.29
2021-06-11,Spain,4041.29
2021-06-12,Spain,4041.29
2021-06-13,Spain,3477.86
2021-06-14,Spain,3477.86
2021-06-15,Spain,3477.86
2021-06-16,Spain,3477.86
2021-06-17,Spain,3477.86
2021-06-18,Spain,3477.86
2021-06-19,Spain,3477.86
2021-06-20,Spain,3371.43
2021-06-21,Spain,3371.43
2021-06-22,Spain,3371.43
2021-06-23,Spain,3371.43
2021-06-24,Spain,3371.43
2021-06-25,Spain,3371.43
2021-06-26,Spain,3371.43
2021-06-27,Spain,4253.29
2021-06-28,Spain,4253.29
2021-06-29,Spain,4253.29
2021-06-30,Spain,4253.29
2021-07-01,Spain,4253.29
2021-07-02,Spain,4253.29
2021-07-03,Spain,4253.29
2021-07-04,Spain,11278.57
2021-07-05,Spain,11278.57
2021-07-06,Spain,11278.57
2021-07-07,Spain,11278.57
2021-07-08,Spain,11278.57
2021-07-09,Spain,11278.57
2021-07-10,Spain,11278.57
2021-07-11,Spain,19333.86
2021-07-12,Spain,19333.86
2021-07-13,Spain,19333.86
2021-07-14,Spain,19333.86
2021-07-15,Spain,19333.86
2021-07-16,Spain,19333.86
2021-07-17,Spain,19333.86
2021-07-18,Spain,25223.43
2021-07-19,Spain,25223.43
2021-07-20,Spain,25223.43
2021-07-21,Spain,25223.43
2021-07-22,Spain,25223.43
2021-07-23,Spain,25223.43
2021-07-24,Spain,25223.43
2021-07-25,Spain,26530.43
2021-07-26,Spain,26530.43
2021-07-27,Spain,26530.43
2021-07-28,Spain,26530.43
2021-07-29,Spain,26530.43
2021-07-30,Spain,26530.43
2021-07-31,Spain,26530.43
2021-08-01,Spain,22522.57
2021-08-02,Spain,22522.57
2021-08-03,Spain,22522.57
2021-08-04,Spain,22522.57
2021-08-05,Spain,22522.57
2021-08-06,Spain,22522.57
2021-08-07,Spain,22522.57
2021-08-08,Spain,17034.86
2021-08-09,Spain,17034.86
2021-08-10,Spain,17034.86
2021-08-11,Spain,17034.86
2021-08-12,Spain,17034.86
2021-08-13,Spain,17034.86
2021-08-14,Spain,17034.86
2021-08-15,Spain,12951.0
2021-08-16,Spain,12951.0
2021-08-17,Spain,12951.0
2021-08-18,Spain,12951.0
2021-08-19,Spain,12951.0
2021-08-20,Spain,12951.0
2021-08-21,Spain,12951.0
2021-08-22,Spain,9775.86
2021-08-23,Spain,9775.86
2021-08-24,Spain,9775.86
2021-08-25,Spain,9775.86
2021-08-26,Spain,9775.86
2021-08-27,Spain,9775.86
2021-08-28,Spain,9775.86
2021-08-29,Spain,7402.0
2021-08-30,Spain,7402.0
2021-08-31,Spain,7402.0
2021-09-01,Spain,7402.0
2021-09-02,Spain,7402.0
2021-09-03,Spain,7402.0
2021-09-04,Spain,7402.0
2021-09-05,Spain,4882.0
2021-09-06,Spain,4882.0
2021-09-07,Spain,4882.0
2021-09-08,Spain,4882.0
2021-09-09,Spain,4882.0
2021-09-10,Spain,4882.0
2021-09-11,Spain,4882.0
2021-09-12,Spain,3306.71
2021-09-13,Spain,3306.71
2021-09-14,Spain,3306.71
2021-09-15,Spain,3306.71
2021-09-16,Spain,3306.71
2021-09-17,Spain,3306.71
2021-09-18,Spain,3306.71
2021-09-19,Spain,2541.0
2021-09-20,Spain,2541.0
2021-09-21,Spain,2541.0
2021-09-22,Spain,2541.0
2021-09-23,Spain,2541.0
2021-09-24,Spain,2541.0
2021-09-25,Spain,2541.0
2021-09-26,Spain,2060.0
2021-09-27,Spain,2060.0
2021-09-28,Spain,2060.0
2021-09-29,Spain,2060.0
2021-09-30,Spain,2060.0
2021-10-01,Spain,2060.0
2021-10-02,Spain,2060.0
2021-10-03,Spain,1726.43
2021-10-04,Spain,1726.43
2021-10-05,Spain,1726.43
2021-10-06,Spain,1726.43
2021-10-07,Spain,1726.43
2021-10-08,Spain,1726.43
2021-10-09,Spain,1726.43
2021-10-10,Spain,1473.71
2021-10-11,Spain,1473.71
2021-10-12,Spain,1473.71
2021-10-13,Spain,1473.71
2021-10-14,Spain,1473.71
2021-10-15,Spain,1473.71
2021-10-16,Spain,1473.71
2021-10-17,Spain,1511.71
2021-10-18,Spain,1511.71
2021-10-19,Spain,1511.71
2021-10-20,Spain,1511.71
2021-10-21,Spain,1511.71
2021-10-22,Spain,1511.71
2021-10-23,Spain,1511.71
2021-10-24,Spain,1771.71
2021-10-25,Spain,1771.71
2021-10-26,Spain,1771.71
2021-10-27,Spain,1771.71
2021-10-28,Spain,1771.71
2021-10-29,Spain,1771.71
2021-10-30,Spain,1771.71
2021-10-31,Spain,1914.29
2021-11-01,Spain,1914.29
2021-11-02,Spain,1914.29
2021-11-03,Spain,1914.29
2021-11-04,Spain,1914.29
2021-11-05,Spain,1914.29
2021-11-06,Spain,1914.29
2021-11-07,Spain,2292.71
2021-11-08,Spain,2292.71
2021-11-09,Spain,2292.71
2021-11-10,Spain,2292.71
2021-11-11,Spain,2292.71
2021-11-12,Spain,2292.71
2021-11-13,Spain,2292.71
2021-11-14,Spain,3634.0
2021-11-15,Spain,3634.0
2021-11-16,Spain,3634.0
2021-11-17,Spain,3634.0
2021-11-18,Spain,3634.0
2021-11-19,Spain,3634.0
2021-11-20,Spain,3634.0
2021-11-21,Spain,5801.86
2021-11-22,Spain,5801.86
2021-11-23,Spain,5801.86
2021-11-24,Spain,5801.86
2021-11-25,Spain,5801.86
2021-11-26,Spain,5801.86
2021-11-27,Spain,5801.86
2021-11-28,Spain,8456.86
2021-11-29,Spain,8456.86
2021-11-30,Spain,8456.86
2021-12-01,Spain,8456.86
2021-12-02,Spain,8456.86
2021-12-03,Spain,8456.86
2021-12-04,Spain,8456.86
2021-12-05,Spain,12841.86
2021-12-06,Spain,12841.86
2021-12-07,Spain,12841.86
2021-12-08,Spain,12841.86
2021-12-09,Spain,12841.86
2021-12-10,Spain,12841.86
2021-12-11,Spain,12841.86
2021-12-12,Spain,16573.71
2021-12-13,Spain,16573.71
2021-12-14,Spain,16573.71
2021-12-15,Spain,16573.71
2021-12-16,Spain,16573.71
2021-12-17,Spain,16573.71
2021-12-18,Spain,16573.71
2021-12-19,Spain,33085.57
2021-12-20,Spain,33085.57
2021-12-21,Spain,33085.57
2021-12-22,Spain,33085.57
2021-12-23,Spain,33085.57
2021-12-24,Spain,33085.57
2021-12-25,Spain,33085.57
2021-12-26,Spain,70149.43
2021-12-27,Spain,70149.43
2021-12-28,Spain,70149.43
2021-12-29,Spain,70149.43
2021-12-30,Spain,70149.43
2021-12-31,Spain,70149.43
2022-01-01,Spain,70149.43
2022-01-02,Spain,113339.71
2022-01-03,Spain,113339.71
2022-01-04,Spain,113339.71
2022-01-05,Spain,113339.71
2022-01-06,Spain,113339.71
2022-01-07,Spain,113339.71
2022-01-08,Spain,113339.71
2022-01-09,Spain,127500.0
2022-01-10,Spain,127500.0
2022-01-11,Spain,127500.0
2022-01-12,Spain,127500.0
2022-01-13,Spain,127500.0
2022-01-14,Spain,127500.0
2022-01-15,Spain,127500.0
2022-01-16,Spain,136643.71
2022-01-17,Spain,136643.71
2022-01-18,Spain,136643.71
2022-01-19,Spain,136643.71
2022-01-20,Spain,136643.71
2022-01-21,Spain,136643.71
2022-01-22,Spain,136643.71
2022-01-23,Spain,121055.57
2022-01-24,Spain,121055.57
2022-01-25,Spain,121055.57
2022-01-26,Spain,121055.57
2022-01-27,Spain,121055.57
2022-01-28,Spain,121055.57
2022-01-29,Spain,121055.57
2022-01-30,Spain,89389.57
2022-01-31,Spain,89389.57
2022-02-01,Spain,89389.57
2022-02-02,Spain,89389.57
2022-02-03,Spain,89389.57
2022-02-04,Spain,89389.57
2022-02-05,Spain,89389.57
2022-02-06,Spain,54824.0
2022-02-07,Spain,54824.0
2022-02-08,Spain,54824.0
2022-02-09,Spain,54824.0
2022-02-10,Spain,54824.0
2022-02-11,Spain,54824.0
2022-02-12,Spain,54824.0
2022-02-13,Spain,34989.86
2022-02-14,Spain,34989.86
2022-02-15,Spain,34989.86
2022-02-16,Spain,34989.86
2022-02-17,Spain,34989.86
2022-02-18,Spain,34989.86
2022-02-19,Spain,34989.86
2022-02-20,Spain,22703.57
2022-02-21,Spain,22703.57
2022-02-22,Spain,22703.57
2022-02-23,Spain,22703.57
2022-02-24,Spain,22703.57
2022-02-25,Spain,22703.57
2022-02-26,Spain,22703.57
2022-02-27,Spain,16849.29
2022-02-28,Spain,16849.29
2022-03-01,Spain,16849.29
2022-03-02,Spain,16849.29
2022-03-03,Spain,16849.29
2022-03-04,Spain,16849.29
2022-03-05,Spain,16849.29
2022-03-06,Spain,15898.14
2022-03-07,Spain,15898.14
2022-03-08,Spain,15898.14
2022-03-09,Spain,15898.14
2022-03-10,Spain,15898.14
2022-03-11,Spain,15898.14
2022-03-12,Spain,15898.14
2022-03-13,Spain,15802.71
2022-03-14,Spain,15802.71
2022-03-15,Spain,15802.71
2022-03-16,Spain,15802.71
2022-03-17,Spain,15802.71
2022-03-18,Spain,15802.71
2022-03-19,Spain,15802.71
2022-03-20,Spain,16952.86
2022-03-21,Spain,16952.86
2022-03-22,Spain,16952.86
2022-03-23,Spain,16952.86
2022-03-24,Spain,16952.86
2022-03-25,Spain,16952.86
2022-03-26,Spain,16952.86
2022-03-27,Spain,17629.0
2022-03-28,Spain,17629.0
2022-03-29,Spain,17629.0
2022-03-30,Spain,17629.0
2022-03-31,Spain,17629.0
2022-04-01,Spain,17629.0
2022-04-02,Spain,17629.0
2022-04-03,Spain,9579.86
2022-04-04,Spain,9579.86
2022-04-05,Spain,9579.86
2022-04-06,Spain,9579.86
2022-04-07,Spain,9579.86
2022-04-08,Spain,9579.86
2022-04-09,Spain,9579.86
2022-04-10,Spain,10314.0
2022-04-11,Spain,10314.0
2022-04-12,Spain,10314.0
2022-04-13,Spain,10314.0
2022-04-14,Spain,10314.0
2022-04-15,Spain,10314.0
2022-04-16,Spain,10314.0
2022-04-17,Spain,10593.43
2022-04-18,Spain,10593.43
2022-04-19,Spain,10593.43
2022-04-20,Spain,10593.43
2022-04-21,Spain,10593.43
2022-04-22,Spain,10593.43
2022-04-23,Spain,10593.43
2022-04-24,Spain,14625.71
2022-04-25,Spain,14625.71
2022-04-26,Spain,14625.71
2022-04-27,Spain,14625.71
2022-04-28,Spain,14625.71
2022-04-29,Spain,14625.71
2022-04-30,Spain,14625.71
2022-05-01,Spain,17006.14
2022-05-02,Spain,17006.14
2022-05-03,Spain,17006.14
2022-05-04,Spain,17006.14
2022-05-05,Spain,17006.14
2022-05-06,Spain,17006.14
2022-05-07,Spain,17006.14
2022-05-08,Spain,17229.71
2022-05-09,Spain,17229.71
2022-05-10,Spain,17229.71
2022-05-11,Spain,17229.71
2022-05-12,Spain,17229.71
2022-05-13,Spain,17229.71
2022-05-14,Spain,17229.71
2022-05-15,Spain,17589.86
2022-05-16,Spain,17589.86
2022-05-17,Spain,17589.86
2022-05-18,Spain,17589.86
2022-05-19,Spain,17589.86
2022-05-20,Spain,17589.86
2022-05-21,Spain,17589.86
2022-05-22,Spain,14323.57
2022-05-23,Spain,14323.57
2022-05-24,Spain,14323.57
2022-05-25,Spain,14323.57
2022-05-26,Spain,14323.57
2022-05-27,Spain,14323.57
2022-05-28,Spain,14323.57
2022-05-29,Spain,11262.57
2022-05-30,Spain,11262.57
2022-05-31,Spain,11262.57
2022-06-01,Spain,11262.57
2022-06-02,Spain,11262.57
2022-06-03,Spain,11262.57
2022-06-04,Spain,11262.57
2022-06-05,Spain,11088.14
2022-06-06,Spain,11088.14
2022-06-07,Spain,11088.14
2022-06-08,Spain,11088.14
2022-06-09,Spain,11088.14
2022-06-10,Spain,11088.14
2022-06-11,Spain,11088.14
2022-06-12,Spain,11367.86
2022-06-13,Spain,11367.86
2022-06-14,Spain,11367.86
2022-06-15,Spain,11367.86
2022-06-16,Spain,11367.86
2022-06-17,Spain,11367.86
2022-06-18,Spain,11367.86
2022-06-19,Spain,13674.43
2022-06-20,Spain,13674.43
2022-06-21,Spain,13674.43
2022-06-22,Spain,13674.43
2022-06-23,Spain,13674.43
2022-06-24,Spain,13674.43
2022-06-25,Spain,13674.43
2022-06-26,Spain,18499.29
2022-06-27,Spain,18499.29
2022-06-28,Spain,18499.29
2022-06-29,Spain,18499.29
2022-06-30,Spain,18499.29
2022-07-01,Spain,18499.29
2022-07-02,Spain,18499.29
2022-07-03,Spain,22804.0
2022-07-04,Spain,22804.0
2022-07-05,Spain,22804.0
2022-07-06,Spain,22804.0
2022-07-07,Spain,22804.0
2022-07-08,Spain,22804.0
2022-07-09,Spain,22804.0
2022-07-10,Spain,20879.14
2022-07-11,Spain,20879.14
2022-07-12,Spain,20879.14
2022-07-13,Spain,20879.14
2022-07-14,Spain,20879.14
2022-07-15,Spain,20879.14
2022-07-16,Spain,20879.14
2022-07-17,Spain,14494.43
2022-07-18,Spain,14494.43
2022-07-19,Spain,14494.43
2022-07-20,Spain,14494.43
2022-07-21,Spain,14494.43
2022-07-22,Spain,14494.43
2022-07-23,Spain,14494.43
2022-07-24,Spain,9722.43
2022-07-25,Spain,9722.43
2022-07-26,Spain,9722.43
2022-07-27,Spain,9722.43
2022-07-28,Spain,9722.43
2022-07-29,Spain,9722.43
2022-07-30,Spain,9722.43
2022-07-31,Spain,6505.86
2022-08-01,Spain,6505.86
2022-08-02,Spain,6505.86
2022-08-03,Spain,6505.86
2022-08-04,Spain,6505.86
2022-08-05,Spain,6505.86
2022-08-06,Spain,6505.86
2022-08-07,Spain,4625.14
2022-08-08,Spain,4625.14
2022-08-09,Spain,4625.14
2022-08-10,Spain,4625.14
2022-08-11,Spain,4625.14
2022-08-12,Spain,4625.14
2022-08-13,Spain,4625.14
2022-08-14,Spain,3308.14
2022-08-15,Spain,3308.14
2022-08-16,Spain,3308.14
2022-08-17,Spain,3308.14
2022-08-18,Spain,3308.14
2022-08-19,Spain,3308.14
2022-08-20,Spain,3308.14
2022-08-21,Spain,2504.14
2022-08-22,Spain,2504.14
2022-08-23,Spain,2504.14
2022-08-24,Spain,2504.14
2022-08-25,Spain,2504.14
2022-08-26,Spain,2504.14
2022-08-27,Spain,2504.14
2022-08-28,Spain,2461.57
2022-08-29,Spain,2461.57
2022-08-30,Spain,2461.57
2022-08-31,Spain,2461.57
2022-09-01,Spain,2461.57
2022-09-02,Spain,2461.57
2022-09-03,Spain,2461.57
2022-09-04,Spain,2174.43
2022-09-05,Spain,2174.43
2022-09-06,Spain,2174.43
2022-09-07,Spain,2174.43
2022-09-08,Spain,2174.43
2022-09-09,Spain,2174.43
2022-09-10,Spain,2174.43
2022-09-11,Spain,1931.0
2022-09-12,Spain,1931.0
2022-09-13,Spain,1931.0
2022-09-14,Spain,1931.0
2022-09-15,Spain,1931.0
2022-09-16,Spain,1931.0
2022-09-17,Spain,1931.0
2022-09-18,Spain,2226.71
2022-09-19,Spain,2226.71
2022-09-20,Spain,2226.71
2022-09-21,Spain,2226.71
2022-09-22,Spain,2226.71
2022-09-23,Spain,2226.71
2022-09-24,Spain,2226.71
2022-09-25,Spain,2352.71
2022-09-26,Spain,2352.71
2022-09-27,Spain,2352.71
2022-09-28,Spain,2352.71
2022-09-29,Spain,2352.71
2022-09-30,Spain,2352.71
2022-10-01,Spain,2352.71
2022-10-02,Spain,2534.29
2022-10-03,Spain,2534.29
2022-10-04,Spain,2534.29
2022-10-05,Spain,2534.29
2022-10-06,Spain,2534.29
2022-10-07,Spain,2534.29
2022-10-08,Spain,2534.29
2022-10-09,Spain,3181.86
2022-10-10,Spain,3181.86
2022-10-11,Spain,3181.86
2022-10-12,Spain,3181.86
2022-10-13,Spain,3181.86
2022-10-14,Spain,3181.86
2022-10-15,Spain,3181.86
2022-10-16,Spain,3073.14
2022-10-17,Spain,3073.14
2022-10-18,Spain,3073.14
2022-10-19,Spain,3073.14
2022-10-20,Spain,3073.14
2022-10-21,Spain,3073.14
2022-10-22,Spain,3073.14
2022-10-23,Spain,3179.86
2022-10-24,Spain,3179.86
2022-10-25,Spain,3179.86
2022-10-26,Spain,3179.86
2022-10-27,Spain,3179.86
2022-10-28,Spain,3179.86
2022-10-29,Spain,3179.86
2022-10-30,Spain,2900.29
2022-10-31,Spain,2900.29
2022-11-01,Spain,2900.29
2022-11-02,Spain,2900.29
2022-11-03,Spain,2900.29
2022-11-04,Spain,2900.29
2022-11-05,Spain,2900.29
2022-11-06,Spain,2646.71
2022-11-07,Spain,2646.71
2022-11-08,Spain,2646.71
2022-11-09,Spain,2646.71
2022-11-10,Spain,2646.71
2022-11-11,Spain,2646.71
2022-11-12,Spain,2646.71
2022-11-13,Spain,2912.43
2022-11-14,Spain,2912.43
2022-11-15,Spain,2912.43
2022-11-16,Spain,2912.43
2022-11-17,Spain,2912.43
2022-11-18,Spain,2912.43
2022-11-19,Spain,2912.43
2022-11-20,Spain,3135.71
2022-11-21,Spain,3135.71
2022-11-22,Spain,3135.71
2022-11-23,Spain,3135.71
2022-11-24,Spain,3135.71
2022-11-25,Spain,3135.71
2022-11-26,Spain,3135.71
2022-11-27,Spain,2841.71
2022-11-28,Spain,2841.71
2022-11-29,Spain,2841.71
2022-11-30,Spain,2841.71
2022-12-01,Spain,2841.71
2022-12-02,Spain,2841.71
2022-12-03,Spain,2841.71
2022-12-04,Spain,2756.29
2022-12-05,Spain,2756.29
2022-12-06,Spain,2756.29
2022-12-07,Spain,2756.29
2022-12-08,Spain,2756.29
2022-12-09,Spain,2756.29
2022-12-10,Spain,2756.29
2022-12-11,Spain,2427.0
2022-12-12,Spain,2427.0
2022-12-13,Spain,2427.0
2022-12-14,Spain,2427.0
2022-12-15,Spain,2427.0
2022-12-16,Spain,2427.0
2022-12-17,Spain,2427.0
2022-12-18,Spain,2805.43
2022-12-19,Spain,2805.43
2022-12-20,Spain,2805.43
2022-12-21,Spain,2805.43
2022-12-22,Spain,2805.43
2022-12-23,Spain,2805.43
2022-12-24,Spain,2805.43
2022-12-25,Spain,2429.29
2022-12-26,Spain,2429.29
2022-12-27,Spain,2429.29
2022-12-28,Spain,2429.29
2022-12-29,Spain,2429.29
2022-12-30,Spain,2429.29
2022-12-31,Spain,2429.29
2023-01-01,Spain,2117.57
2023-01-02,Spain,2117.57
2023-01-03,Spain,2117.57
2023-01-04,Spain,2117.57
2023-01-05,Spain,2117.57
2023-01-06,Spain,2117.57
2023-01-07,Spain,2117.57
2023-01-08,Spain,1809.0
2023-01-09,Spain,1809.0
2023-01-10,Spain,1809.0
2023-01-11,Spain,1809.0
2023-01-12,Spain,1809.0
2023-01-13,Spain,1809.0
2023-01-14,Spain,1809.0
2023-01-15,Spain,1708.57
2023-01-16,Spain,1708.57
2023-01-17,Spain,1708.57
2023-01-18,Spain,1708.57
2023-01-19,Spain,1708.57
2023-01-20,Spain,1708.57
2023-01-21,Spain,1708.57
2023-01-22,Spain,1068.57
2023-01-23,Spain,1068.57
2023-01-24,Spain,1068.57
2023-01-25,Spain,1068.57
2023-01-26,Spain,1068.57
2023-01-27,Spain,1068.57
2023-01-28,Spain,1068.57
2023-01-29,Spain,826.71
2023-01-30,Spain,826.71
2023-01-31,Spain,826.71
2023-02-01,Spain,826.71
2023-02-02,Spain,826.71
2023-02-03,Spain,826.71
2023-02-04,Spain,826.71
2023-02-05,Spain,814.14
2023-02-06,Spain,814.14
2023-02-07,Spain,814.14
2023-02-08,Spain,814.14
2023-02-09,Spain,814.14
2023-02-10,Spain,814.14
2023-02-11,Spain,814.14
2023-02-12,Spain,867.71
2023-02-13,Spain,867.71
2023-02-14,Spain,867.71
2023-02-15,Spain,867.71
2023-02-16,Spain,867.71
2023-02-17,Spain,867.71
2023-02-18,Spain,867.71
2023-02-19,Spain,864.43
2023-02-20,Spain,864.43
2023-02-21,Spain,864.43
2023-02-22,Spain,864.43
2023-02-23,Spain,864.43
2023-02-24,Spain,864.43
2023-02-25,Spain,864.43
2023-02-26,Spain,922.14
2023-02-27,Spain,922.14
2023-02-28,Spain,922.14
2023-03-01,Spain,922.14
2023-03-02,Spain,922.14
2023-03-03,Spain,922.14
2023-03-04,Spain,922.14
2023-03-05,Spain,938.0
2023-03-06,Spain,938.0
2023-03-07,Spain,938.0
2023-03-08,Spain,938.0
2023-03-09,Spain,938.0
2023-03-10,Spain,938.0
2023-03-11,Spain,938.0
2023-03-12,Spain,1183.71
2023-03-13,Spain,1183.71
2023-03-14,Spain,1183.71
2023-03-15,Spain,1183.71
2023-03-16,Spain,1183.71
2023-03-17,Spain,1183.71
2023-03-18,Spain,1183.71
2023-03-19,Spain,1060.14
2023-03-20,Spain,1060.14
2023-03-21,Spain,1060.14
2023-03-22,Spain,1060.14
2023-03-23,Spain,1060.14
2023-03-24,Spain,1060.14
2023-03-25,Spain,1060.14
2023-03-26,Spain,1082.43
2023-03-27,Spain,1082.43
2023-03-28,Spain,1082.43
2023-03-29,Spain,1082.43
2023-03-30,Spain,1082.43
2023-03-31,Spain,1082.43
2023-04-01,Spain,1082.43
2023-04-02,Spain,1137.43
2023-04-03,Spain,1137.43
2023-04-04,Spain,1137.43
2023-04-05,Spain,1137.43
2023-04-06,Spain,1137.43
2023-04-07,Spain,1137.43
2023-04-08,Spain,1137.43
2023-04-09,Spain,945.29
2023-04-10,Spain,945.29
2023-04-11,Spain,945.29
2023-04-12,Spain,945.29
2023-04-13,Spain,945.29
2023-04-14,Spain,945.29
2023-04-15,Spain,945.29
2023-04-16,Spain,1468.29
2023-04-17,Spain,1468.29
2023-04-18,Spain,1468.29
2023-04-19,Spain,1468.29
2023-04-20,Spain,1468.29
2023-04-21,Spain,1468.29
2023-04-22,Spain,1468.29
2023-04-23,Spain,1552.43
2023-04-24,Spain,1552.43
2023-04-25,Spain,1552.43
2023-04-26,Spain,1552.43
2023-04-27,Spain,1552.43
2023-04-28,Spain,1552.43
2023-04-29,Spain,1552.43
2023-04-30,Spain,1597.57
2023-05-01,Spain,1597.57
2023-05-02,Spain,1597.57
2023-05-03,Spain,1597.57
2023-05-04,Spain,1597.57
2023-05-05,Spain,1597.57
2023-05-06,Spain,1597.57
2023-05-07,Spain,1514.71
2023-05-08,Spain,1514.71
2023-05-09,Spain,1514.71
2023-05-10,Spain,1514.71
2023-05-11,Spain,1514.71
2023-05-12,Spain,1514.71
2023-05-13,Spain,1514.71
2023-05-14,Spain,1608.86
2023-05-15,Spain,1608.86
2023-05-16,Spain,1608.86
2023-05-17,Spain,1608.86
2023-05-18,Spain,1608.86
2023-05-19,Spain,1608.86
2023-05-20,Spain,1608.86
2023-05-21,Spain,1574.71
2023-05-22,Spain,1574.71
2023-05-23,Spain,1574.71
2023-05-24,Spain,1574.71
2023-05-25,Spain,1574.71
2023-05-26,Spain,1574.71
2023-05-27,Spain,1574.71
2023-05-28,Spain,1608.86
2023-05-29,Spain,1608.86
2023-05-30,Spain,1608.86
2023-05-31,Spain,1608.86
2023-06-01,Spain,1608.86
2023-06-02,Spain,1608.86
2023-06-03,Spain,1608.86
2023-06-04,Spain,1273.86
2023-06-05,Spain,1273.86
2023-06-06,Spain,1273.86
2023-06-07,Spain,1273.86
2023-06-08,Spain,1273.86
2023-06-09,Spain,1273.86
2023-06-10,Spain,1273.86
2023-06-11,Spain,980.86
2023-06-12,Spain,980.86
2023-06-13,Spain,980.86
2023-06-14,Spain,980.86
2023-06-15,Spain,980.86
2023-06-16,Spain,980.86
2023-06-17,Spain,980.86
2023-06-18,Spain,775.71
2023-06-19,Spain,775.71
2023-06-20,Spain,775.71
2023-06-21,Spain,775.71
2023-06-22,Spain,775.71
2023-06-23,Spain,775.71
2023-06-24,Spain,775.71
2023-06-25,Spain,643.14
2023-06-26,Spain,643.14
2023-06-27,Spain,643.14
2023-06-28,Spain,643.14
2023-06-29,Spain,643.14
2023-06-30,Spain,643.14
2023-07-01,Spain,643.14
2023-07-02,Spain,252.0
2023-07-03,Spain,252.0
2023-07-04,Spain,252.0
2023-07-05,Spain,252.0
2023-07-06,Spain,252.0
2023-07-07,Spain,252.0
2023-07-08,Spain,252.0
2023-07-09,Spain,0.0
