date,location,new_deaths_smoothed
2020-01-10,Poland,0.0
2020-01-11,Poland,0.0
2020-01-12,Poland,0.0
2020-01-13,Poland,0.0
2020-01-14,Poland,0.0
2020-01-15,Poland,0.0
2020-01-16,Poland,0.0
2020-01-17,Poland,0.0
2020-01-18,Poland,0.0
2020-01-19,Poland,0.0
2020-01-20,Poland,0.0
2020-01-21,Poland,0.0
2020-01-22,Poland,0.0
2020-01-23,Poland,0.0
2020-01-24,Poland,0.0
2020-01-25,Poland,0.0
2020-01-26,Poland,0.0
2020-01-27,Poland,0.0
2020-01-28,Poland,0.0
2020-01-29,Poland,0.0
2020-01-30,Poland,0.0
2020-01-31,Poland,0.0
2020-02-01,Poland,0.0
2020-02-02,Poland,0.0
2020-02-03,Poland,0.0
2020-02-04,Poland,0.0
2020-02-05,Poland,0.0
2020-02-06,Poland,0.0
2020-02-07,Poland,0.0
2020-02-08,Poland,0.0
2020-02-09,Poland,0.0
2020-02-10,Poland,0.0
2020-02-11,Poland,0.0
2020-02-12,Poland,0.0
2020-02-13,Poland,0.0
2020-02-14,Poland,0.0
2020-02-15,Poland,0.0
2020-02-16,Poland,0.0
2020-02-17,Poland,0.0
2020-02-18,Poland,0.0
2020-02-19,Poland,0.0
2020-02-20,Poland,0.0
2020-02-21,Poland,0.0
2020-02-22,Poland,0.0
2020-02-23,Poland,0.0
2020-02-24,Poland,0.0
2020-02-25,Poland,0.0
2020-02-26,Poland,0.0
2020-02-27,Poland,0.0
2020-02-28,Poland,0.0
2020-02-29,Poland,0.0
2020-03-01,Poland,0.0
2020-03-02,Poland,0.0
2020-03-03,Poland,0.0
2020-03-04,Poland,0.0
2020-03-05,Poland,0.0
2020-03-06,Poland,0.0
2020-03-07,Poland,0.0
2020-03-08,Poland,0.0
2020-03-09,Poland,0.0
2020-03-10,Poland,0.0
2020-03-11,Poland,0.0
2020-03-12,Poland,0.0
2020-03-13,Poland,0.0
2020-03-14,Poland,0.0
2020-03-15,Poland,0.43
2020-03-16,Poland,0.43
2020-03-17,Poland,0.43
2020-03-18,Poland,0.43
2020-03-19,Poland,0.43
2020-03-20,Poland,0.43
2020-03-21,Poland,0.43
2020-03-22,Poland,0.29
2020-03-23,Poland,0.29
2020-03-24,Poland,0.29
2020-03-25,Poland,0.29
2020-03-26,Poland,0.29
2020-03-27,Poland,0.29
2020-03-28,Poland,0.29
2020-03-29,Poland,1.86
2020-03-30,Poland,1.86
2020-03-31,Poland,1.86
2020-04-01,Poland,1.86
2020-04-02,Poland,1.86
2020-04-03,Poland,1.86
2020-04-04,Poland,1.86
2020-04-05,Poland,8.71
2020-04-06,Poland,8.71
2020-04-07,Poland,8.71
2020-04-08,Poland,8.71
2020-04-09,Poland,8.71
2020-04-10,Poland,8.71
2020-04-11,Poland,8.71
2020-04-12,Poland,18.43
2020-04-13,Poland,18.43
2020-04-14,Poland,18.43
2020-04-15,Poland,18.43
2020-04-16,Poland,18.43
2020-04-17,Poland,18.43
2020-04-18,Poland,18.43
2020-04-19,Poland,19.57
2020-04-20,Poland,19.57
2020-04-21,Poland,19.57
2020-04-22,Poland,19.57
2020-04-23,Poland,19.57
2020-04-24,Poland,19.57
2020-04-25,Poland,19.57
2020-04-26,Poland,25.14
2020-04-27,Poland,25.14
2020-04-28,Poland,25.14
2020-04-29,Poland,25.14
2020-04-30,Poland,25.14
2020-05-01,Poland,25.14
2020-05-02,Poland,25.14
2020-05-03,Poland,20.0
2020-05-04,Poland,20.0
2020-05-05,Poland,20.0
2020-05-06,Poland,20.0
2020-05-07,Poland,20.0
2020-05-08,Poland,20.0
2020-05-09,Poland,20.0
2020-05-10,Poland,17.43
2020-05-11,Poland,17.43
2020-05-12,Poland,17.43
2020-05-13,Poland,17.43
2020-05-14,Poland,17.43
2020-05-15,Poland,17.43
2020-05-16,Poland,17.43
2020-05-17,Poland,18.71
2020-05-18,Poland,18.71
2020-05-19,Poland,18.71
2020-05-20,Poland,18.71
2020-05-21,Poland,18.71
2020-05-22,Poland,18.71
2020-05-23,Poland,18.71
2020-05-24,Poland,11.14
2020-05-25,Poland,11.14
2020-05-26,Poland,11.14
2020-05-27,Poland,11.14
2020-05-28,Poland,11.14
2020-05-29,Poland,11.14
2020-05-30,Poland,11.14
2020-05-31,Poland,9.71
2020-06-01,Poland,9.71
2020-06-02,Poland,9.71
2020-06-03,Poland,9.71
2020-06-04,Poland,9.71
2020-06-05,Poland,9.71
2020-06-06,Poland,9.71
2020-06-07,Poland,12.86
2020-06-08,Poland,12.86
2020-06-09,Poland,12.86
2020-06-10,Poland,12.86
2020-06-11,Poland,12.86
2020-06-12,Poland,12.86
2020-06-13,Poland,12.86
2020-06-14,Poland,12.29
2020-06-15,Poland,12.29
2020-06-16,Poland,12.29
2020-06-17,Poland,12.29
2020-06-18,Poland,12.29
2020-06-19,Poland,12.29
2020-06-20,Poland,12.29
2020-06-21,Poland,15.57
2020-06-22,Poland,15.57
2020-06-23,Poland,15.57
2020-06-24,Poland,15.57
2020-06-25,Poland,15.57
2020-06-26,Poland,15.57
2020-06-27,Poland,15.57
2020-06-28,Poland,12.71
2020-06-29,Poland,12.71
2020-06-30,Poland,12.71
2020-07-01,Poland,12.71
2020-07-02,Poland,12.71
2020-07-03,Poland,12.71
2020-07-04,Poland,12.71
2020-07-05,Poland,11.0
2020-07-06,Poland,11.0
2020-07-07,Poland,11.0
2020-07-08,Poland,11.0
2020-07-09,Poland,11.0
2020-07-10,Poland,11.0
2020-07-11,Poland,11.0
2020-07-12,Poland,8.14
2020-07-13,Poland,8.14
2020-07-14,Poland,8.14
2020-07-15,Poland,8.14
2020-07-16,Poland,8.14
2020-07-17,Poland,8.14
2020-07-18,Poland,8.14
2020-07-19,Poland,7.0
2020-07-20,Poland,7.0
2020-07-21,Poland,7.0
2020-07-22,Poland,7.0
2020-07-23,Poland,7.0
2020-07-24,Poland,7.0
2020-07-25,Poland,7.0
2020-07-26,Poland,6.71
2020-07-27,Poland,6.71
2020-07-28,Poland,6.71
2020-07-29,Poland,6.71
2020-07-30,Poland,6.71
2020-07-31,Poland,6.71
2020-08-01,Poland,6.71
2020-08-02,Poland,8.14
2020-08-03,Poland,8.14
2020-08-04,Poland,8.14
2020-08-05,Poland,8.14
2020-08-06,Poland,8.14
2020-08-07,Poland,8.14
2020-08-08,Poland,8.14
2020-08-09,Poland,11.29
2020-08-10,Poland,11.29
2020-08-11,Poland,11.29
2020-08-12,Poland,11.29
2020-08-13,Poland,11.29
2020-08-14,Poland,11.29
2020-08-15,Poland,11.29
2020-08-16,Poland,9.86
2020-08-17,Poland,9.86
2020-08-18,Poland,9.86
2020-08-19,Poland,9.86
2020-08-20,Poland,9.86
2020-08-21,Poland,9.86
2020-08-22,Poland,9.86
2020-08-23,Poland,11.71
2020-08-24,Poland,11.71
2020-08-25,Poland,11.71
2020-08-26,Poland,11.71
2020-08-27,Poland,11.71
2020-08-28,Poland,11.71
2020-08-29,Poland,11.71
2020-08-30,Poland,11.57
2020-08-31,Poland,11.57
2020-09-01,Poland,11.57
2020-09-02,Poland,11.57
2020-09-03,Poland,11.57
2020-09-04,Poland,11.57
2020-09-05,Poland,11.57
2020-09-06,Poland,11.57
2020-09-07,Poland,11.57
2020-09-08,Poland,11.57
2020-09-09,Poland,11.57
2020-09-10,Poland,11.57
2020-09-11,Poland,11.57
2020-09-12,Poland,11.57
2020-09-13,Poland,9.71
2020-09-14,Poland,9.71
2020-09-15,Poland,9.71
2020-09-16,Poland,9.71
2020-09-17,Poland,9.71
2020-09-18,Poland,9.71
2020-09-19,Poland,9.71
2020-09-20,Poland,14.29
2020-09-21,Poland,14.29
2020-09-22,Poland,14.29
2020-09-23,Poland,14.29
2020-09-24,Poland,14.29
2020-09-25,Poland,14.29
2020-09-26,Poland,14.29
2020-09-27,Poland,20.29
2020-09-28,Poland,20.29
2020-09-29,Poland,20.29
2020-09-30,Poland,20.29
2020-10-01,Poland,20.29
2020-10-02,Poland,20.29
2020-10-03,Poland,20.29
2020-10-04,Poland,25.71
2020-10-05,Poland,25.71
2020-10-06,Poland,25.71
2020-10-07,Poland,25.71
2020-10-08,Poland,25.71
2020-10-09,Poland,25.71
2020-10-10,Poland,25.71
2020-10-11,Poland,52.71
2020-10-12,Poland,52.71
2020-10-13,Poland,52.71
2020-10-14,Poland,52.71
2020-10-15,Poland,52.71
2020-10-16,Poland,52.71
2020-10-17,Poland,52.71
2020-10-18,Poland,79.0
2020-10-19,Poland,79.0
2020-10-20,Poland,79.0
2020-10-21,Poland,79.0
2020-10-22,Poland,79.0
2020-10-23,Poland,79.0
2020-10-24,Poland,79.0
2020-10-25,Poland,112.86
2020-10-26,Poland,112.86
2020-10-27,Poland,112.86
2020-10-28,Poland,112.86
2020-10-29,Poland,112.86
2020-10-30,Poland,112.86
2020-10-31,Poland,112.86
2020-11-01,Poland,188.0
2020-11-02,Poland,188.0
2020-11-03,Poland,188.0
2020-11-04,Poland,188.0
2020-11-05,Poland,188.0
2020-11-06,Poland,188.0
2020-11-07,Poland,188.0
2020-11-08,Poland,286.43
2020-11-09,Poland,286.43
2020-11-10,Poland,286.43
2020-11-11,Poland,286.43
2020-11-12,Poland,286.43
2020-11-13,Poland,286.43
2020-11-14,Poland,286.43
2020-11-15,Poland,344.14
2020-11-16,Poland,344.14
2020-11-17,Poland,344.14
2020-11-18,Poland,344.14
2020-11-19,Poland,344.14
2020-11-20,Poland,344.14
2020-11-21,Poland,344.14
2020-11-22,Poland,463.29
2020-11-23,Poland,463.29
2020-11-24,Poland,463.29
2020-11-25,Poland,463.29
2020-11-26,Poland,463.29
2020-11-27,Poland,463.29
2020-11-28,Poland,463.29
2020-11-29,Poland,539.0
2020-11-30,Poland,539.0
2020-12-01,Poland,539.0
2020-12-02,Poland,539.0
2020-12-03,Poland,539.0
2020-12-04,Poland,539.0
2020-12-05,Poland,539.0
2020-12-06,Poland,437.14
2020-12-07,Poland,437.14
2020-12-08,Poland,437.14
2020-12-09,Poland,437.14
2020-12-10,Poland,437.14
2020-12-11,Poland,437.14
2020-12-12,Poland,437.14
2020-12-13,Poland,396.43
2020-12-14,Poland,396.43
2020-12-15,Poland,396.43
2020-12-16,Poland,396.43
2020-12-17,Poland,396.43
2020-12-18,Poland,396.43
2020-12-19,Poland,396.43
2020-12-20,Poland,361.86
2020-12-21,Poland,361.86
2020-12-22,Poland,361.86
2020-12-23,Poland,361.86
2020-12-24,Poland,361.86
2020-12-25,Poland,361.86
2020-12-26,Poland,361.86
2020-12-27,Poland,254.0
2020-12-28,Poland,254.0
2020-12-29,Poland,254.0
2020-12-30,Poland,254.0
2020-12-31,Poland,254.0
2021-01-01,Poland,254.0
2021-01-02,Poland,254.0
2021-01-03,Poland,285.43
2021-01-04,Poland,285.43
2021-01-05,Poland,285.43
2021-01-06,Poland,285.43
2021-01-07,Poland,285.43
2021-01-08,Poland,285.43
2021-01-09,Poland,285.43
2021-01-10,Poland,295.57
2021-01-11,Poland,295.57
2021-01-12,Poland,295.57
2021-01-13,Poland,295.57
2021-01-14,Poland,295.57
2021-01-15,Poland,295.57
2021-01-16,Poland,295.57
2021-01-17,Poland,308.57
2021-01-18,Poland,308.57
2021-01-19,Poland,308.57
2021-01-20,Poland,308.57
2021-01-21,Poland,308.57
2021-01-22,Poland,308.57
2021-01-23,Poland,308.57
2021-01-24,Poland,286.71
2021-01-25,Poland,286.71
2021-01-26,Poland,286.71
2021-01-27,Poland,286.71
2021-01-28,Poland,286.71
2021-01-29,Poland,286.71
2021-01-30,Poland,286.71
2021-01-31,Poland,259.57
2021-02-01,Poland,259.57
2021-02-02,Poland,259.57
2021-02-03,Poland,259.57
2021-02-04,Poland,259.57
2021-02-05,Poland,259.57
2021-02-06,Poland,259.57
2021-02-07,Poland,272.0
2021-02-08,Poland,272.0
2021-02-09,Poland,272.0
2021-02-10,Poland,272.0
2021-02-11,Poland,272.0
2021-02-12,Poland,272.0
2021-02-13,Poland,272.0
2021-02-14,Poland,245.29
2021-02-15,Poland,245.29
2021-02-16,Poland,245.29
2021-02-17,Poland,245.29
2021-02-18,Poland,245.29
2021-02-19,Poland,245.29
2021-02-20,Poland,245.29
2021-02-21,Poland,194.57
2021-02-22,Poland,194.57
2021-02-23,Poland,194.57
2021-02-24,Poland,194.57
2021-02-25,Poland,194.57
2021-02-26,Poland,194.57
2021-02-27,Poland,194.57
2021-02-28,Poland,228.29
2021-03-01,Poland,228.29
2021-03-02,Poland,228.29
2021-03-03,Poland,228.29
2021-03-04,Poland,228.29
2021-03-05,Poland,228.29
2021-03-06,Poland,228.29
2021-03-07,Poland,210.29
2021-03-08,Poland,210.29
2021-03-09,Poland,210.29
2021-03-10,Poland,210.29
2021-03-11,Poland,210.29
2021-03-12,Poland,210.29
2021-03-13,Poland,210.29
2021-03-14,Poland,270.14
2021-03-15,Poland,270.14
2021-03-16,Poland,270.14
2021-03-17,Poland,270.14
2021-03-18,Poland,270.14
2021-03-19,Poland,270.14
2021-03-20,Poland,270.14
2021-03-21,Poland,302.43
2021-03-22,Poland,302.43
2021-03-23,Poland,302.43
2021-03-24,Poland,302.43
2021-03-25,Poland,302.43
2021-03-26,Poland,302.43
2021-03-27,Poland,302.43
2021-03-28,Poland,368.29
2021-03-29,Poland,368.29
2021-03-30,Poland,368.29
2021-03-31,Poland,368.29
2021-04-01,Poland,368.29
2021-04-02,Poland,368.29
2021-04-03,Poland,368.29
2021-04-04,Poland,436.43
2021-04-05,Poland,436.43
2021-04-06,Poland,436.43
2021-04-07,Poland,436.43
2021-04-08,Poland,436.43
2021-04-09,Poland,436.43
2021-04-10,Poland,436.43
2021-04-11,Poland,496.86
2021-04-12,Poland,496.86
2021-04-13,Poland,496.86
2021-04-14,Poland,496.86
2021-04-15,Poland,496.86
2021-04-16,Poland,496.86
2021-04-17,Poland,496.86
2021-04-18,Poland,515.43
2021-04-19,Poland,515.43
2021-04-20,Poland,515.43
2021-04-21,Poland,515.43
2021-04-22,Poland,515.43
2021-04-23,Poland,515.43
2021-04-24,Poland,515.43
2021-04-25,Poland,483.0
2021-04-26,Poland,483.0
2021-04-27,Poland,483.0
2021-04-28,Poland,483.0
2021-04-29,Poland,483.0
2021-04-30,Poland,483.0
2021-05-01,Poland,483.0
2021-05-02,Poland,379.29
2021-05-03,Poland,379.29
2021-05-04,Poland,379.29
2021-05-05,Poland,379.29
2021-05-06,Poland,379.29
2021-05-07,Poland,379.29
2021-05-08,Poland,379.29
2021-05-09,Poland,277.86
2021-05-10,Poland,277.86
2021-05-11,Poland,277.86
2021-05-12,Poland,277.86
2021-05-13,Poland,277.86
2021-05-14,Poland,277.86
2021-05-15,Poland,277.86
2021-05-16,Poland,238.29
2021-05-17,Poland,238.29
2021-05-18,Poland,238.29
2021-05-19,Poland,238.29
2021-05-20,Poland,238.29
2021-05-21,Poland,238.29
2021-05-22,Poland,238.29
2021-05-23,Poland,180.43
2021-05-24,Poland,180.43
2021-05-25,Poland,180.43
2021-05-26,Poland,180.43
2021-05-27,Poland,180.43
2021-05-28,Poland,180.43
2021-05-29,Poland,180.43
2021-05-30,Poland,115.71
2021-05-31,Poland,115.71
2021-06-01,Poland,115.71
2021-06-02,Poland,115.71
2021-06-03,Poland,115.71
2021-06-04,Poland,115.71
2021-06-05,Poland,115.71
2021-06-06,Poland,59.14
2021-06-07,Poland,59.14
2021-06-08,Poland,59.14
2021-06-09,Poland,59.14
2021-06-10,Poland,59.14
2021-06-11,Poland,59.14
2021-06-12,Poland,59.14
2021-06-13,Poland,60.14
2021-06-14,Poland,60.14
2021-06-15,Poland,60.14
2021-06-16,Poland,60.14
2021-06-17,Poland,60.14
2021-06-18,Poland,60.14
2021-06-19,Poland,60.14
2021-06-20,Poland,36.43
2021-06-21,Poland,36.43
2021-06-22,Poland,36.43
2021-06-23,Poland,36.43
2021-06-24,Poland,36.43
2021-06-25,Poland,36.43
2021-06-26,Poland,36.43
2021-06-27,Poland,21.57
2021-06-28,Poland,21.57
2021-06-29,Poland,21.57
2021-06-30,Poland,21.57
2021-07-01,Poland,21.57
2021-07-02,Poland,21.57
2021-07-03,Poland,21.57
2021-07-04,Poland,15.0
2021-07-05,Poland,15.0
2021-07-06,Poland,15.0
2021-07-07,Poland,15.0
2021-07-08,Poland,15.0
2021-07-09,Poland,15.0
2021-07-10,Poland,15.0
2021-07-11,Poland,10.29
2021-07-12,Poland,10.29
2021-07-13,Poland,10.29
2021-07-14,Poland,10.29
2021-07-15,Poland,10.29
2021-07-16,Poland,10.29
2021-07-17,Poland,10.29
2021-07-18,Poland,7.86
2021-07-19,Poland,7.86
2021-07-20,Poland,7.86
2021-07-21,Poland,7.86
2021-07-22,Poland,7.86
2021-07-23,Poland,7.86
2021-07-24,Poland,7.86
2021-07-25,Poland,3.86
2021-07-26,Poland,3.86
2021-07-27,Poland,3.86
2021-07-28,Poland,3.86
2021-07-29,Poland,3.86
2021-07-30,Poland,3.86
2021-07-31,Poland,3.86
2021-08-01,Poland,2.71
2021-08-02,Poland,2.71
2021-08-03,Poland,2.71
2021-08-04,Poland,2.71
2021-08-05,Poland,2.71
2021-08-06,Poland,2.71
2021-08-07,Poland,2.71
2021-08-08,Poland,3.43
2021-08-09,Poland,3.43
2021-08-10,Poland,3.43
2021-08-11,Poland,3.43
2021-08-12,Poland,3.43
2021-08-13,Poland,3.43
2021-08-14,Poland,3.43
2021-08-15,Poland,2.0
2021-08-16,Poland,2.0
2021-08-17,Poland,2.0
2021-08-18,Poland,2.0
2021-08-19,Poland,2.0
2021-08-20,Poland,2.0
2021-08-21,Poland,2.0
2021-08-22,Poland,2.43
2021-08-23,Poland,2.43
2021-08-24,Poland,2.43
2021-08-25,Poland,2.43
2021-08-26,Poland,2.43
2021-08-27,Poland,2.43
2021-08-28,Poland,2.43
2021-08-29,Poland,3.43
2021-08-30,Poland,3.43
2021-08-31,Poland,3.43
2021-09-01,Poland,3.43
2021-09-02,Poland,3.43
2021-09-03,Poland,3.43
2021-09-04,Poland,3.43
2021-09-05,Poland,5.29
2021-09-06,Poland,5.29
2021-09-07,Poland,5.29
2021-09-08,Poland,5.29
2021-09-09,Poland,5.29
2021-09-10,Poland,5.29
2021-09-11,Poland,5.29
2021-09-12,Poland,6.57
2021-09-13,Poland,6.57
2021-09-14,Poland,6.57
2021-09-15,Poland,6.57
2021-09-16,Poland,6.57
2021-09-17,Poland,6.57
2021-09-18,Poland,6.57
2021-09-19,Poland,8.86
2021-09-20,Poland,8.86
2021-09-21,Poland,8.86
2021-09-22,Poland,8.86
2021-09-23,Poland,8.86
2021-09-24,Poland,8.86
2021-09-25,Poland,8.86
2021-09-26,Poland,12.0
2021-09-27,Poland,12.0
2021-09-28,Poland,12.0
2021-09-29,Poland,12.0
2021-09-30,Poland,12.0
2021-10-01,Poland,12.0
2021-10-02,Poland,12.0
2021-10-03,Poland,17.57
2021-10-04,Poland,17.57
2021-10-05,Poland,17.57
2021-10-06,Poland,17.57
2021-10-07,Poland,17.57
2021-10-08,Poland,17.57
2021-10-09,Poland,17.57
2021-10-10,Poland,24.71
2021-10-11,Poland,24.71
2021-10-12,Poland,24.71
2021-10-13,Poland,24.71
2021-10-14,Poland,24.71
2021-10-15,Poland,24.71
2021-10-16,Poland,24.71
2021-10-17,Poland,34.71
2021-10-18,Poland,34.71
2021-10-19,Poland,34.71
2021-10-20,Poland,34.71
2021-10-21,Poland,34.71
2021-10-22,Poland,34.71
2021-10-23,Poland,34.71
2021-10-24,Poland,47.86
2021-10-25,Poland,47.86
2021-10-26,Poland,47.86
2021-10-27,Poland,47.86
2021-10-28,Poland,47.86
2021-10-29,Poland,47.86
2021-10-30,Poland,47.86
2021-10-31,Poland,79.0
2021-11-01,Poland,79.0
2021-11-02,Poland,79.0
2021-11-03,Poland,79.0
2021-11-04,Poland,79.0
2021-11-05,Poland,79.0
2021-11-06,Poland,79.0
2021-11-07,Poland,108.29
2021-11-08,Poland,108.29
2021-11-09,Poland,108.29
2021-11-10,Poland,108.29
2021-11-11,Poland,108.29
2021-11-12,Poland,108.29
2021-11-13,Poland,108.29
2021-11-14,Poland,158.43
2021-11-15,Poland,158.43
2021-11-16,Poland,158.43
2021-11-17,Poland,158.43
2021-11-18,Poland,158.43
2021-11-19,Poland,158.43
2021-11-20,Poland,158.43
2021-11-21,Poland,279.0
2021-11-22,Poland,279.0
2021-11-23,Poland,279.0
2021-11-24,Poland,279.0
2021-11-25,Poland,279.0
2021-11-26,Poland,279.0
2021-11-27,Poland,279.0
2021-11-28,Poland,316.14
2021-11-29,Poland,316.14
2021-11-30,Poland,316.14
2021-12-01,Poland,316.14
2021-12-02,Poland,316.14
2021-12-03,Poland,316.14
2021-12-04,Poland,316.14
2021-12-05,Poland,376.14
2021-12-06,Poland,376.14
2021-12-07,Poland,376.14
2021-12-08,Poland,376.14
2021-12-09,Poland,376.14
2021-12-10,Poland,376.14
2021-12-11,Poland,376.14
2021-12-12,Poland,400.71
2021-12-13,Poland,400.71
2021-12-14,Poland,400.71
2021-12-15,Poland,400.71
2021-12-16,Poland,400.71
2021-12-17,Poland,400.71
2021-12-18,Poland,400.71
2021-12-19,Poland,429.43
2021-12-20,Poland,429.43
2021-12-21,Poland,429.43
2021-12-22,Poland,429.43
2021-12-23,Poland,429.43
2021-12-24,Poland,429.43
2021-12-25,Poland,429.43
2021-12-26,Poland,405.57
2021-12-27,Poland,405.57
2021-12-28,Poland,405.57
2021-12-29,Poland,405.57
2021-12-30,Poland,405.57
2021-12-31,Poland,405.57
2022-01-01,Poland,405.57
2022-01-02,Poland,466.57
2022-01-03,Poland,466.57
2022-01-04,Poland,466.57
2022-01-05,Poland,466.57
2022-01-06,Poland,466.57
2022-01-07,Poland,466.57
2022-01-08,Poland,466.57
2022-01-09,Poland,307.29
2022-01-10,Poland,307.29
2022-01-11,Poland,307.29
2022-01-12,Poland,307.29
2022-01-13,Poland,307.29
2022-01-14,Poland,307.29
2022-01-15,Poland,307.29
2022-01-16,Poland,366.29
2022-01-17,Poland,366.29
2022-01-18,Poland,366.29
2022-01-19,Poland,366.29
2022-01-20,Poland,366.29
2022-01-21,Poland,366.29
2022-01-22,Poland,366.29
2022-01-23,Poland,219.57
2022-01-24,Poland,219.57
2022-01-25,Poland,219.57
2022-01-26,Poland,219.57
2022-01-27,Poland,219.57
2022-01-28,Poland,219.57
2022-01-29,Poland,219.57
2022-01-30,Poland,188.14
2022-01-31,Poland,188.14
2022-02-01,Poland,188.14
2022-02-02,Poland,188.14
2022-02-03,Poland,188.14
2022-02-04,Poland,188.14
2022-02-05,Poland,188.14
2022-02-06,Poland,204.86
2022-02-07,Poland,204.86
2022-02-08,Poland,204.86
2022-02-09,Poland,204.86
2022-02-10,Poland,204.86
2022-02-11,Poland,204.86
2022-02-12,Poland,204.86
2022-02-13,Poland,217.43
2022-02-14,Poland,217.43
2022-02-15,Poland,217.43
2022-02-16,Poland,217.43
2022-02-17,Poland,217.43
2022-02-18,Poland,217.43
2022-02-19,Poland,217.43
2022-02-20,Poland,242.14
2022-02-21,Poland,242.14
2022-02-22,Poland,242.14
2022-02-23,Poland,242.14
2022-02-24,Poland,242.14
2022-02-25,Poland,242.14
2022-02-26,Poland,242.14
2022-02-27,Poland,214.43
2022-02-28,Poland,214.43
2022-03-01,Poland,214.43
2022-03-02,Poland,214.43
2022-03-03,Poland,214.43
2022-03-04,Poland,214.43
2022-03-05,Poland,214.43
2022-03-06,Poland,175.43
2022-03-07,Poland,175.43
2022-03-08,Poland,175.43
2022-03-09,Poland,175.43
2022-03-10,Poland,175.43
2022-03-11,Poland,175.43
2022-03-12,Poland,175.43
2022-03-13,Poland,128.43
2022-03-14,Poland,128.43
2022-03-15,Poland,128.43
2022-03-16,Poland,128.43
2022-03-17,Poland,128.43
2022-03-18,Poland,128.43
2022-03-19,Poland,128.43
2022-03-20,Poland,110.71
2022-03-21,Poland,110.71
2022-03-22,Poland,110.71
2022-03-23,Poland,110.71
2022-03-24,Poland,110.71
2022-03-25,Poland,110.71
2022-03-26,Poland,110.71
2022-03-27,Poland,86.86
2022-03-28,Poland,86.86
2022-03-29,Poland,86.86
2022-03-30,Poland,86.86
2022-03-31,Poland,86.86
2022-04-01,Poland,86.86
2022-04-02,Poland,86.86
2022-04-03,Poland,73.86
2022-04-04,Poland,73.86
2022-04-05,Poland,73.86
2022-04-06,Poland,73.86
2022-04-07,Poland,73.86
2022-04-08,Poland,73.86
2022-04-09,Poland,73.86
2022-04-10,Poland,41.43
2022-04-11,Poland,41.43
2022-04-12,Poland,41.43
2022-04-13,Poland,41.43
2022-04-14,Poland,41.43
2022-04-15,Poland,41.43
2022-04-16,Poland,41.43
2022-04-17,Poland,29.0
2022-04-18,Poland,29.0
2022-04-19,Poland,29.0
2022-04-20,Poland,29.0
2022-04-21,Poland,29.0
2022-04-22,Poland,29.0
2022-04-23,Poland,29.0
2022-04-24,Poland,15.71
2022-04-25,Poland,15.71
2022-04-26,Poland,15.71
2022-04-27,Poland,15.71
2022-04-28,Poland,15.71
2022-04-29,Poland,15.71
2022-04-30,Poland,15.71
2022-05-01,Poland,15.86
2022-05-02,Poland,15.86
2022-05-03,Poland,15.86
2022-05-04,Poland,15.86
2022-05-05,Poland,15.86
2022-05-06,Poland,15.86
2022-05-07,Poland,15.86
2022-05-08,Poland,11.29
2022-05-09,Poland,11.29
2022-05-10,Poland,11.29
2022-05-11,Poland,11.29
2022-05-12,Poland,11.29
2022-05-13,Poland,11.29
2022-05-14,Poland,11.29
2022-05-15,Poland,10.0
2022-05-16,Poland,10.0
2022-05-17,Poland,10.0
2022-05-18,Poland,10.0
2022-05-19,Poland,10.0
2022-05-20,Poland,10.0
2022-05-21,Poland,10.0
2022-05-22,Poland,8.71
2022-05-23,Poland,8.71
2022-05-24,Poland,8.71
2022-05-25,Poland,8.71
2022-05-26,Poland,8.71
2022-05-27,Poland,8.71
2022-05-28,Poland,8.71
2022-05-29,Poland,6.14
2022-05-30,Poland,6.14
2022-05-31,Poland,6.14
2022-06-01,Poland,6.14
2022-06-02,Poland,6.14
2022-06-03,Poland,6.14
2022-06-04,Poland,6.14
2022-06-05,Poland,5.14
2022-06-06,Poland,5.14
2022-06-07,Poland,5.14
2022-06-08,Poland,5.14
2022-06-09,Poland,5.14
2022-06-10,Poland,5.14
2022-06-11,Poland,5.14
2022-06-12,Poland,3.14
2022-06-13,Poland,3.14
2022-06-14,Poland,3.14
2022-06-15,Poland,3.14
2022-06-16,Poland,3.14
2022-06-17,Poland,3.14
2022-06-18,Poland,3.14
2022-06-19,Poland,3.14
2022-06-20,Poland,3.14
2022-06-21,Poland,3.14
2022-06-22,Poland,3.14
2022-06-23,Poland,3.14
2022-06-24,Poland,3.14
2022-06-25,Poland,3.14
2022-06-26,Poland,3.43
2022-06-27,Poland,3.43
2022-06-28,Poland,3.43
2022-06-29,Poland,3.43
2022-06-30,Poland,3.43
2022-07-01,Poland,3.43
2022-07-02,Poland,3.43
2022-07-03,Poland,2.57
2022-07-04,Poland,2.57
2022-07-05,Poland,2.57
2022-07-06,Poland,2.57
2022-07-07,Poland,2.57
2022-07-08,Poland,2.57
2022-07-09,Poland,2.57
2022-07-10,Poland,2.57
2022-07-11,Poland,2.57
2022-07-12,Poland,2.57
2022-07-13,Poland,2.57
2022-07-14,Poland,2.57
2022-07-15,Poland,2.57
2022-07-16,Poland,2.57
2022-07-17,Poland,2.43
2022-07-18,Poland,2.43
2022-07-19,Poland,2.43
2022-07-20,Poland,2.43
2022-07-21,Poland,2.43
2022-07-22,Poland,2.43
2022-07-23,Poland,2.43
2022-07-24,Poland,5.71
2022-07-25,Poland,5.71
2022-07-26,Poland,5.71
2022-07-27,Poland,5.71
2022-07-28,Poland,5.71
2022-07-29,Poland,5.71
2022-07-30,Poland,5.71
2022-07-31,Poland,8.57
2022-08-01,Poland,8.57
2022-08-02,Poland,8.57
2022-08-03,Poland,8.57
2022-08-04,Poland,8.57
2022-08-05,Poland,8.57
2022-08-06,Poland,8.57
2022-08-07,Poland,12.86
2022-08-08,Poland,12.86
2022-08-09,Poland,12.86
2022-08-10,Poland,12.86
2022-08-11,Poland,12.86
2022-08-12,Poland,12.86
2022-08-13,Poland,12.86
2022-08-14,Poland,16.14
2022-08-15,Poland,16.14
2022-08-16,Poland,16.14
2022-08-17,Poland,16.14
2022-08-18,Poland,16.14
2022-08-19,Poland,16.14
2022-08-20,Poland,16.14
2022-08-21,Poland,15.43
2022-08-22,Poland,15.43
2022-08-23,Poland,15.43
2022-08-24,Poland,15.43
2022-08-25,Poland,15.43
2022-08-26,Poland,15.43
2022-08-27,Poland,15.43
2022-08-28,Poland,21.29
2022-08-29,Poland,21.29
2022-08-30,Poland,21.29
2022-08-31,Poland,21.29
2022-09-01,Poland,21.29
2022-09-02,Poland,21.29
2022-09-03,Poland,21.29
2022-09-04,Poland,17.57
2022-09-05,Poland,17.57
2022-09-06,Poland,17.57
2022-09-07,Poland,17.57
2022-09-08,Poland,17.57
2022-09-09,Poland,17.57
2022-09-10,Poland,17.57
2022-09-11,Poland,14.14
2022-09-12,Poland,14.14
2022-09-13,Poland,14.14
2022-09-14,Poland,14.14
2022-09-15,Poland,14.14
2022-09-16,Poland,14.14
2022-09-17,Poland,14.14
2022-09-18,Poland,14.14
2022-09-19,Poland,14.14
2022-09-20,Poland,14.14
2022-09-21,Poland,14.14
2022-09-22,Poland,14.14
2022-09-23,Poland,14.14
2022-09-24,Poland,14.14
2022-09-25,Poland,15.14
2022-09-26,Poland,15.14
2022-09-27,Poland,15.14
2022-09-28,Poland,15.14
2022-09-29,Poland,15.14
2022-09-30,Poland,15.14
2022-10-01,Poland,15.14
2022-10-02,Poland,20.29
2022-10-03,Poland,20.29
2022-10-04,Poland,20.29
2022-10-05,Poland,20.29
2022-10-06,Poland,20.29
2022-10-07,Poland,20.29
2022-10-08,Poland,20.29
2022-10-09,Poland,22.57
2022-10-10,Poland,22.57
2022-10-11,Poland,22.57
2022-10-12,Poland,22.57
2022-10-13,Poland,22.57
2022-10-14,Poland,22.57
2022-10-15,Poland,22.57
2022-10-16,Poland,20.57
2022-10-17,Poland,20.57
2022-10-18,Poland,20.57
2022-10-19,Poland,20.57
2022-10-20,Poland,20.57
2022-10-21,Poland,20.57
2022-10-22,Poland,20.57
2022-10-23,Poland,18.43
2022-10-24,Poland,18.43
2022-10-25,Poland,18.43
2022-10-26,Poland,18.43
2022-10-27,Poland,18.43
2022-10-28,Poland,18.43
2022-10-29,Poland,18.43
2022-10-30,Poland,13.57
2022-10-31,Poland,13.57
2022-11-01,Poland,13.57
2022-11-02,Poland,13.57
2022-11-03,Poland,13.57
2022-11-04,Poland,13.57
2022-11-05,Poland,13.57
2022-11-06,Poland,6.57
2022-11-07,Poland,6.57
2022-11-08,Poland,6.57
2022-11-09,Poland,6.57
2022-11-10,Poland,6.57
2022-11-11,Poland,6.57
2022-11-12,Poland,6.57
2022-11-13,Poland,5.71
2022-11-14,Poland,5.71
2022-11-15,Poland,5.71
2022-11-16,Poland,5.71
2022-11-17,Poland,5.71
2022-11-18,Poland,5.71
2022-11-19,Poland,5.71
2022-11-20,Poland,9.14
2022-11-21,Poland,9.14
2022-11-22,Poland,9.14
2022-11-23,Poland,9.14
2022-11-24,Poland,9.14
2022-11-25,Poland,9.14
2022-11-26,Poland,9.14
2022-11-27,Poland,4.57
2022-11-28,Poland,4.57
2022-11-29,Poland,4.57
2022-11-30,Poland,4.57
2022-12-01,Poland,4.57
2022-12-02,Poland,4.57
2022-12-03,Poland,4.57
2022-12-04,Poland,4.86
2022-12-05,Poland,4.86
2022-12-06,Poland,4.86
2022-12-07,Poland,4.86
2022-12-08,Poland,4.86
2022-12-09,Poland,4.86
2022-12-10,Poland,4.86
2022-12-11,Poland,6.14
2022-12-12,Poland,6.14
2022-12-13,Poland,6.14
2022-12-14,Poland,6.14
2022-12-15,Poland,6.14
2022-12-16,Poland,6.14
2022-12-17,Poland,6.14
2022-12-18,Poland,6.71
2022-12-19,Poland,6.71
2022-12-20,Poland,6.71
2022-12-21,Poland,6.71
2022-12-22,Poland,6.71
2022-12-23,Poland,6.71
2022-12-24,Poland,6.71
2022-12-25,Poland,6.57
2022-12-26,Poland,6.57
2022-12-27,Poland,6.57
2022-12-28,Poland,6.57
2022-12-29,Poland,6.57
2022-12-30,Poland,6.57
2022-12-31,Poland,6.57
2023-01-01,Poland,8.29
2023-01-02,Poland,8.29
2023-01-03,Poland,8.29
2023-01-04,Poland,8.29
2023-01-05,Poland,8.29
2023-01-06,Poland,8.29
2023-01-07,Poland,8.29
2023-01-08,Poland,7.57
2023-01-09,Poland,7.57
2023-01-10,Poland,7.57
2023-01-11,Poland,7.57
2023-01-12,Poland,7.57
2023-01-13,Poland,7.57
2023-01-14,Poland,7.57
2023-01-15,Poland,9.29
2023-01-16,Poland,9.29
2023-01-17,Poland,9.29
2023-01-18,Poland,9.29
2023-01-19,Poland,9.29
2023-01-20,Poland,9.29
2023-01-21,Poland,9.29
2023-01-22,Poland,4.29
2023-01-23,Poland,4.29
2023-01-24,Poland,4.29
2023-01-25,Poland,4.29
2023-01-26,Poland,4.29
2023-01-27,Poland,4.29
2023-01-28,Poland,4.29
2023-01-29,Poland,4.86
2023-01-30,Poland,4.86
2023-01-31,Poland,4.86
2023-02-01,Poland,4.86
2023-02-02,Poland,4.86
2023-02-03,Poland,4.86
2023-02-04,Poland,4.86
2023-02-05,Poland,4.71
2023-02-06,Poland,4.71
2023-02-07,Poland,4.71
2023-02-08,Poland,4.71
2023-02-09,Poland,4.71
2023-02-10,Poland,4.71
2023-02-11,Poland,4.71
2023-02-12,Poland,4.43
2023-02-13,Poland,4.43
2023-02-14,Poland,4.43
2023-02-15,Poland,4.43
2023-02-16,Poland,4.43
2023-02-17,Poland,4.43
2023-02-18,Poland,4.43
2023-02-19,Poland,6.71
2023-02-20,Poland,6.71
2023-02-21,Poland,6.71
2023-02-22,Poland,6.71
2023-02-23,Poland,6.71
2023-02-24,Poland,6.71
2023-02-25,Poland,6.71
2023-02-26,Poland,6.0
2023-02-27,Poland,6.0
2023-02-28,Poland,6.0
2023-03-01,Poland,6.0
2023-03-02,Poland,6.0
2023-03-03,Poland,6.0
2023-03-04,Poland,6.0
2023-03-05,Poland,12.0
2023-03-06,Poland,12.0
2023-03-07,Poland,12.0
2023-03-08,Poland,12.0
2023-03-09,Poland,12.0
2023-03-10,Poland,12.0
2023-03-11,Poland,12.0
2023-03-12,Poland,11.14
2023-03-13,Poland,11.14
2023-03-14,Poland,11.14
2023-03-15,Poland,11.14
2023-03-16,Poland,11.14
2023-03-17,Poland,11.14
2023-03-18,Poland,11.14
2023-03-19,Poland,15.14
2023-03-20,Poland,15.14
2023-03-21,Poland,15.14
2023-03-22,Poland,15.14
2023-03-23,Poland,15.14
2023-03-24,Poland,15.14
2023-03-25,Poland,15.14
2023-03-26,Poland,15.57
2023-03-27,Poland,15.57
2023-03-28,Poland,15.57
2023-03-29,Poland,15.57
2023-03-30,Poland,15.57
2023-03-31,Poland,15.57
2023-04-01,Poland,15.57
2023-04-02,Poland,16.57
2023-04-03,Poland,16.57
2023-04-04,Poland,16.57
2023-04-05,Poland,16.57
2023-04-06,Poland,16.57
2023-04-07,Poland,16.57
2023-04-08,Poland,16.57
2023-04-09,Poland,8.86
2023-04-10,Poland,8.86
2023-04-11,Poland,8.86
2023-04-12,Poland,8.86
2023-04-13,Poland,8.86
2023-04-14,Poland,8.86
2023-04-15,Poland,8.86
2023-04-16,Poland,8.43
2023-04-17,Poland,8.43
2023-04-18,Poland,8.43
2023-04-19,Poland,8.43
2023-04-20,Poland,8.43
2023-04-21,Poland,8.43
2023-04-22,Poland,8.43
2023-04-23,Poland,5.43
2023-04-24,Poland,5.43
2023-04-25,Poland,5.43
2023-04-26,Poland,5.43
2023-04-27,Poland,5.43
2023-04-28,Poland,5.43
2023-04-29,Poland,5.43
2023-04-30,Poland,5.0
2023-05-01,Poland,5.0
2023-05-02,Poland,5.0
2023-05-03,Poland,5.0
2023-05-04,Poland,5.0
2023-05-05,Poland,5.0
2023-05-06,Poland,5.0
2023-05-07,Poland,1.14
2023-05-08,Poland,1.14
2023-05-09,Poland,1.14
2023-05-10,Poland,1.14
2023-05-11,Poland,1.14
2023-05-12,Poland,1.14
2023-05-13,Poland,1.14
2023-05-14,Poland,3.14
2023-05-15,Poland,3.14
2023-05-16,Poland,3.14
2023-05-17,Poland,3.14
2023-05-18,Poland,3.14
2023-05-19,Poland,3.14
2023-05-20,Poland,3.14
2023-05-21,Poland,1.57
2023-05-22,Poland,1.57
2023-05-23,Poland,1.57
2023-05-24,Poland,1.57
2023-05-25,Poland,1.57
2023-05-26,Poland,1.57
2023-05-27,Poland,1.57
2023-05-28,Poland,1.86
2023-05-29,Poland,1.86
2023-05-30,Poland,1.86
2023-05-31,Poland,1.86
2023-06-01,Poland,1.86
2023-06-02,Poland,1.86
2023-06-03,Poland,1.86
2023-06-04,Poland,1.14
2023-06-05,Poland,1.14
2023-06-06,Poland,1.14
2023-06-07,Poland,1.14
2023-06-08,Poland,1.14
2023-06-09,Poland,1.14
2023-06-10,Poland,1.14
2023-06-11,Poland,0.71
2023-06-12,Poland,0.71
2023-06-13,Poland,0.71
2023-06-14,Poland,0.71
2023-06-15,Poland,0.71
2023-06-16,Poland,0.71
2023-06-17,Poland,0.71
2023-06-18,Poland,0.14
2023-06-19,Poland,0.14
2023-06-20,Poland,0.14
2023-06-21,Poland,0.14
2023-06-22,Poland,0.14
2023-06-23,Poland,0.14
2023-06-24,Poland,0.14
2023-06-25,Poland,0.14
2023-06-26,Poland,0.14
2023-06-27,Poland,0.14
2023-06-28,Poland,0.14
2023-06-29,Poland,0.14
2023-06-30,Poland,0.14
2023-07-01,Poland,0.14
2023-07-02,Poland,0.43
2023-07-03,Poland,0.43
2023-07-04,Poland,0.43
2023-07-05,Poland,0.43
2023-07-06,Poland,0.43
2023-07-07,Poland,0.43
2023-07-08,Poland,0.43
2023-07-09,Poland,0.43
2023-07-10,Poland,0.43
2023-07-11,Poland,0.43
2023-07-12,Poland,0.43
2023-07-13,Poland,0.43
2023-07-14,Poland,0.43
2023-07-15,Poland,0.43
2023-07-16,Poland,0.29
2023-07-17,Poland,0.29
2023-07-18,Poland,0.29
2023-07-19,Poland,0.29
2023-07-20,Poland,0.29
2023-07-21,Poland,0.29
2023-07-22,Poland,0.29
2023-07-23,Poland,0.0
2023-07-24,Poland,0.0
2023-07-25,Poland,0.0
2023-07-26,Poland,0.0
2023-07-27,Poland,0.0
2023-07-28,Poland,0.0
2023-07-29,Poland,0.0
2023-07-30,Poland,0.43
2023-07-31,Poland,0.43
2023-08-01,Poland,0.43
2023-08-02,Poland,0.43
2023-08-03,Poland,0.43
2023-08-04,Poland,0.43
2023-08-05,Poland,0.43
2023-08-06,Poland,0.0
2023-08-07,Poland,0.0
2023-08-08,Poland,0.0
2023-08-09,Poland,0.0
2023-08-10,Poland,0.0
2023-08-11,Poland,0.0
2023-08-12,Poland,0.0
2023-08-13,Poland,0.0
2023-08-14,Poland,0.0
2023-08-15,Poland,0.0
2023-08-16,Poland,0.0
2023-08-17,Poland,0.0
2023-08-18,Poland,0.0
2023-08-19,Poland,0.0
2023-08-20,Poland,0.29
2023-08-21,Poland,0.29
2023-08-22,Poland,0.29
2023-08-23,Poland,0.29
2023-08-24,Poland,0.29
2023-08-25,Poland,0.29
2023-08-26,Poland,0.29
2023-08-27,Poland,0.14
2023-08-28,Poland,0.14
2023-08-29,Poland,0.14
2023-08-30,Poland,0.14
2023-08-31,Poland,0.14
2023-09-01,Poland,0.14
2023-09-02,Poland,0.14
2023-09-03,Poland,0.29
2023-09-04,Poland,0.29
2023-09-05,Poland,0.29
2023-09-06,Poland,0.29
2023-09-07,Poland,0.29
2023-09-08,Poland,0.29
2023-09-09,Poland,0.29
2023-09-10,Poland,0.29
2023-09-11,Poland,0.29
2023-09-12,Poland,0.29
2023-09-13,Poland,0.29
2023-09-14,Poland,0.29
2023-09-15,Poland,0.29
2023-09-16,Poland,0.29
2023-09-17,Poland,0.43
2023-09-18,Poland,0.43
2023-09-19,Poland,0.43
2023-09-20,Poland,0.43
2023-09-21,Poland,0.43
2023-09-22,Poland,0.43
2023-09-23,Poland,0.43
2023-09-24,Poland,0.29
2023-09-25,Poland,0.29
2023-09-26,Poland,0.29
2023-09-27,Poland,0.29
2023-09-28,Poland,0.29
2023-09-29,Poland,0.29
2023-09-30,Poland,0.29
2023-10-01,Poland,1.0
2023-10-02,Poland,1.0
2023-10-03,Poland,1.0
2023-10-04,Poland,1.0
2023-10-05,Poland,1.0
2023-10-06,Poland,1.0
2023-10-07,Poland,1.0
2023-10-08,Poland,0.14
2023-10-09,Poland,0.14
2023-10-10,Poland,0.14
2023-10-11,Poland,0.14
2023-10-12,Poland,0.14
2023-10-13,Poland,0.14
2023-10-14,Poland,0.14
2023-10-15,Poland,0.29
2023-10-16,Poland,0.29
2023-10-17,Poland,0.29
2023-10-18,Poland,0.29
2023-10-19,Poland,0.29
2023-10-20,Poland,0.29
2023-10-21,Poland,0.29
2023-10-22,Poland,1.14
2023-10-23,Poland,1.14
2023-10-24,Poland,1.14
2023-10-25,Poland,1.14
2023-10-26,Poland,1.14
2023-10-27,Poland,1.14
2023-10-28,Poland,1.14
2023-10-29,Poland,3.0
2023-10-30,Poland,3.0
2023-10-31,Poland,3.0
2023-11-01,Poland,3.0
2023-11-02,Poland,3.0
2023-11-03,Poland,3.0
2023-11-04,Poland,3.0
2023-11-05,Poland,1.29
2023-11-06,Poland,1.29
2023-11-07,Poland,1.29
2023-11-08,Poland,1.29
2023-11-09,Poland,1.29
2023-11-10,Poland,1.29
2023-11-11,Poland,1.29
2023-11-12,Poland,3.71
2023-11-13,Poland,3.71
2023-11-14,Poland,3.71
2023-11-15,Poland,3.71
2023-11-16,Poland,3.71
2023-11-17,Poland,3.71
2023-11-18,Poland,3.71
2023-11-19,Poland,3.43
2023-11-20,Poland,3.43
2023-11-21,Poland,3.43
2023-11-22,Poland,3.43
2023-11-23,Poland,3.43
2023-11-24,Poland,3.43
2023-11-25,Poland,3.43
2023-11-26,Poland,9.14
2023-11-27,Poland,9.14
2023-11-28,Poland,9.14
2023-11-29,Poland,9.14
2023-11-30,Poland,9.14
2023-12-01,Poland,9.14
2023-12-02,Poland,9.14
2023-12-03,Poland,4.29
2023-12-04,Poland,4.29
2023-12-05,Poland,4.29
2023-12-06,Poland,4.29
2023-12-07,Poland,4.29
2023-12-08,Poland,4.29
2023-12-09,Poland,4.29
2023-12-10,Poland,6.71
2023-12-11,Poland,6.71
2023-12-12,Poland,6.71
2023-12-13,Poland,6.71
2023-12-14,Poland,6.71
2023-12-15,Poland,6.71
2023-12-16,Poland,6.71
2023-12-17,Poland,18.86
2023-12-18,Poland,18.86
2023-12-19,Poland,18.86
2023-12-20,Poland,18.86
2023-12-21,Poland,18.86
2023-12-22,Poland,18.86
2023-12-23,Poland,18.86
2023-12-24,Poland,20.14
2023-12-25,Poland,20.14
2023-12-26,Poland,20.14
2023-12-27,Poland,20.14
2023-12-28,Poland,20.14
2023-12-29,Poland,20.14
2023-12-30,Poland,20.14
2023-12-31,Poland,11.29
2024-01-01,Poland,11.29
2024-01-02,Poland,11.29
2024-01-03,Poland,11.29
2024-01-04,Poland,11.29
2024-01-05,Poland,11.29
2024-01-06,Poland,11.29
2024-01-07,Poland,27.29
2024-01-08,Poland,27.29
2024-01-09,Poland,27.29
2024-01-10,Poland,27.29
2024-01-11,Poland,27.29
2024-01-12,Poland,27.29
2024-01-13,Poland,27.29
2024-01-14,Poland,9.71
2024-01-15,Poland,9.71
2024-01-16,Poland,9.71
2024-01-17,Poland,9.71
2024-01-18,Poland,9.71
2024-01-19,Poland,9.71
2024-01-20,Poland,9.71
2024-01-21,Poland,7.57
2024-01-22,Poland,7.57
2024-01-23,Poland,7.57
2024-01-24,Poland,7.57
2024-01-25,Poland,7.57
2024-01-26,Poland,7.57
2024-01-27,Poland,7.57
2024-01-28,Poland,3.86
2024-01-29,Poland,3.86
2024-01-30,Poland,3.86
2024-01-31,Poland,3.86
2024-02-01,Poland,3.86
2024-02-02,Poland,3.86
2024-02-03,Poland,3.86
2024-02-04,Poland,5.86
2024-02-05,Poland,5.86
2024-02-06,Poland,5.86
2024-02-07,Poland,5.86
2024-02-08,Poland,5.86
2024-02-09,Poland,5.86
2024-02-10,Poland,5.86
2024-02-11,Poland,3.43
2024-02-12,Poland,3.43
2024-02-13,Poland,3.43
2024-02-14,Poland,3.43
2024-02-15,Poland,3.43
2024-02-16,Poland,3.43
2024-02-17,Poland,3.43
2024-02-18,Poland,3.29
2024-02-19,Poland,3.29
2024-02-20,Poland,3.29
2024-02-21,Poland,3.29
2024-02-22,Poland,3.29
2024-02-23,Poland,3.29
2024-02-24,Poland,3.29
2024-02-25,Poland,1.71
2024-02-26,Poland,1.71
2024-02-27,Poland,1.71
2024-02-28,Poland,1.71
2024-02-29,Poland,1.71
2024-03-01,Poland,1.71
2024-03-02,Poland,1.71
2024-03-03,Poland,1.43
2024-03-04,Poland,1.43
2024-03-05,Poland,1.43
2024-03-06,Poland,1.43
2024-03-07,Poland,1.43
2024-03-08,Poland,1.43
2024-03-09,Poland,1.43
2024-03-10,Poland,0.43
2024-03-11,Poland,0.43
2024-03-12,Poland,0.43
2024-03-13,Poland,0.43
2024-03-14,Poland,0.43
2024-03-15,Poland,0.43
2024-03-16,Poland,0.43
2024-03-17,Poland,1.57
2024-03-18,Poland,1.57
2024-03-19,Poland,1.57
2024-03-20,Poland,1.57
2024-03-21,Poland,1.57
2024-03-22,Poland,1.57
2024-03-23,Poland,1.57
2024-03-24,Poland,0.71
2024-03-25,Poland,0.71
2024-03-26,Poland,0.71
2024-03-27,Poland,0.71
2024-03-28,Poland,0.71
2024-03-29,Poland,0.71
2024-03-30,Poland,0.71
2024-03-31,Poland,0.0
2024-04-01,Poland,0.0
2024-04-02,Poland,0.0
2024-04-03,Poland,0.0
2024-04-04,Poland,0.0
2024-04-05,Poland,0.0
2024-04-06,Poland,0.0
2024-04-07,Poland,0.14
2024-04-08,Poland,0.14
2024-04-09,Poland,0.14
2024-04-10,Poland,0.14
2024-04-11,Poland,0.14
2024-04-12,Poland,0.14
2024-04-13,Poland,0.14
2024-04-14,Poland,0.29
2024-04-15,Poland,0.29
2024-04-16,Poland,0.29
2024-04-17,Poland,0.29
2024-04-18,Poland,0.29
2024-04-19,Poland,0.29
2024-04-20,Poland,0.29
2024-04-21,Poland,0.0
2024-04-22,Poland,0.0
2024-04-23,Poland,0.0
2024-04-24,Poland,0.0
2024-04-25,Poland,0.0
2024-04-26,Poland,0.0
2024-04-27,Poland,0.0
2024-04-28,Poland,0.29
2024-04-29,Poland,0.29
2024-04-30,Poland,0.29
2024-05-01,Poland,0.29
2024-05-02,Poland,0.29
2024-05-03,Poland,0.29
2024-05-04,Poland,0.29
2024-05-05,Poland,0.0
2024-05-06,Poland,0.0
2024-05-07,Poland,0.0
2024-05-08,Poland,0.0
2024-05-09,Poland,0.0
2024-05-10,Poland,0.0
2024-05-11,Poland,0.0
2024-05-12,Poland,0.0
2024-05-13,Poland,0.0
2024-05-14,Poland,0.0
2024-05-15,Poland,0.0
2024-05-16,Poland,0.0
2024-05-17,Poland,0.0
2024-05-18,Poland,0.0
2024-05-19,Poland,0.0
2024-05-20,Poland,0.0
2024-05-21,Poland,0.0
2024-05-22,Poland,0.0
2024-05-23,Poland,0.0
2024-05-24,Poland,0.0
2024-05-25,Poland,0.0
2024-05-26,Poland,0.0
2024-05-27,Poland,0.0
2024-05-28,Poland,0.0
2024-05-29,Poland,0.0
2024-05-30,Poland,0.0
2024-05-31,Poland,0.0
2024-06-01,Poland,0.0
2024-06-02,Poland,0.0
2024-06-03,Poland,0.0
2024-06-04,Poland,0.0
2024-06-05,Poland,0.0
2024-06-06,Poland,0.0
2024-06-07,Poland,0.0
2024-06-08,Poland,0.0
2024-06-09,Poland,0.14
2024-06-10,Poland,0.14
2024-06-11,Poland,0.14
2024-06-12,Poland,0.14
2024-06-13,Poland,0.14
2024-06-14,Poland,0.14
2024-06-15,Poland,0.14
2024-06-16,Poland,0.14
2024-06-17,Poland,0.14
2024-06-18,Poland,0.14
2024-06-19,Poland,0.14
2024-06-20,Poland,0.14
2024-06-21,Poland,0.14
2024-06-22,Poland,0.14
2024-06-23,Poland,0.0
2024-06-24,Poland,0.0
2024-06-25,Poland,0.0
2024-06-26,Poland,0.0
2024-06-27,Poland,0.0
2024-06-28,Poland,0.0
2024-06-29,Poland,0.0
2024-06-30,Poland,0.29
2024-07-01,Poland,0.29
2024-07-02,Poland,0.29
2024-07-03,Poland,0.29
2024-07-04,Poland,0.29
2024-07-05,Poland,0.29
2024-07-06,Poland,0.29
2024-07-07,Poland,0.29
2024-07-08,Poland,0.29
2024-07-09,Poland,0.29
2024-07-10,Poland,0.29
2024-07-11,Poland,0.29
2024-07-12,Poland,0.29
2024-07-13,Poland,0.29
2024-07-14,Poland,0.14
2024-07-15,Poland,0.14
2024-07-16,Poland,0.14
2024-07-17,Poland,0.14
2024-07-18,Poland,0.14
2024-07-19,Poland,0.14
2024-07-20,Poland,0.14
2024-07-21,Poland,0.0
2024-07-22,Poland,0.0
2024-07-23,Poland,0.0
2024-07-24,Poland,0.0
2024-07-25,Poland,0.0
2024-07-26,Poland,0.0
2024-07-27,Poland,0.0
2024-07-28,Poland,0.57
2024-07-29,Poland,0.57
2024-07-30,Poland,0.57
2024-07-31,Poland,0.57
2024-08-01,Poland,0.57
2024-08-02,Poland,0.57
2024-08-03,Poland,0.57
2024-08-04,Poland,0.57
2020-01-10,Spain,0.0
2020-01-11,Spain,0.0
2020-01-12,Spain,0.0
2020-01-13,Spain,0.0
2020-01-14,Spain,0.0
2020-01-15,Spain,0.0
2020-01-16,Spain,0.0
2020-01-17,Spain,0.0
2020-01-18,Spain,0.0
2020-01-19,Spain,0.0
2020-01-20,Spain,0.0
2020-01-21,Spain,0.0
2020-01-22,Spain,0.0
2020-01-23,Spain,0.0
2020-01-24,Spain,0.0
2020-01-25,Spain,0.0
2020-01-26,Spain,0.0
2020-01-27,Spain,0.0
2020-01-28,Spain,0.0
2020-01-29,Spain,0.0
2020-01-30,Spain,0.0
2020-01-31,Spain,0.0
2020-02-01,Spain,0.0
2020-02-02,Spain,0.0
2020-02-03,Spain,0.0
2020-02-04,Spain,0.0
2020-02-05,Spain,0.0
2020-02-06,Spain,0.0
2020-02-07,Spain,0.0
2020-02-08,Spain,0.0
2020-02-09,Spain,0.0
2020-02-10,Spain,0.0
2020-02-11,Spain,0.0
2020-02-12,Spain,0.0
2020-02-13,Spain,0.0
2020-02-14,Spain,0.0
2020-02-15,Spain,0.0
2020-02-16,Spain,0.14
2020-02-17,Spain,0.14
2020-02-18,Spain,0.14
2020-02-19,Spain,0.14
2020-02-20,Spain,0.14
2020-02-21,Spain,0.14
2020-02-22,Spain,0.14
2020-02-23,Spain,0.0
2020-02-24,Spain,0.0
2020-02-25,Spain,0.0
2020-02-26,Spain,0.0
2020-02-27,Spain,0.0
2020-02-28,Spain,0.0
2020-02-29,Spain,0.0
2020-03-01,Spain,0.0
2020-03-02,Spain,0.0
2020-03-03,Spain,0.0
2020-03-04,Spain,0.0
2020-03-05,Spain,0.0
2020-03-06,Spain,0.0
2020-03-07,Spain,0.0
2020-03-08,Spain,3.43
2020-03-09,Spain,3.43
2020-03-10,Spain,3.43
2020-03-11,Spain,3.43
2020-03-12,Spain,3.43
2020-03-13,Spain,3.43
2020-03-14,Spain,3.43
2020-03-15,Spain,65.29
2020-03-16,Spain,65.29
2020-03-17,Spain,65.29
2020-03-18,Spain,65.29
2020-03-19,Spain,65.29
2020-03-20,Spain,65.29
2020-03-21,Spain,65.29
2020-03-22,Spain,347.43
2020-03-23,Spain,347.43
2020-03-24,Spain,347.43
2020-03-25,Spain,347.43
2020-03-26,Spain,347.43
2020-03-27,Spain,347.43
2020-03-28,Spain,347.43
2020-03-29,Spain,809.0
2020-03-30,Spain,809.0
2020-03-31,Spain,809.0
2020-04-01,Spain,809.0
2020-04-02,Spain,809.0
2020-04-03,Spain,809.0
2020-04-04,Spain,809.0
2020-04-05,Spain,834.43
2020-04-06,Spain,834.43
2020-04-07,Spain,834.43
2020-04-08,Spain,834.43
2020-04-09,Spain,834.43
2020-04-10,Spain,834.43
2020-04-11,Spain,834.43
2020-04-12,Spain,680.86
2020-04-13,Spain,680.86
2020-04-14,Spain,680.86
2020-04-15,Spain,680.86
2020-04-16,Spain,680.86
2020-04-17,Spain,680.86
2020-04-18,Spain,680.86
2020-04-19,Spain,510.86
2020-04-20,Spain,510.86
2020-04-21,Spain,510.86
2020-04-22,Spain,510.86
2020-04-23,Spain,510.86
2020-04-24,Spain,510.86
2020-04-25,Spain,510.86
2020-04-26,Spain,340.86
2020-04-27,Spain,340.86
2020-04-28,Spain,340.86
2020-04-29,Spain,340.86
2020-04-30,Spain,340.86
2020-05-01,Spain,340.86
2020-05-02,Spain,340.86
2020-05-03,Spain,221.57
2020-05-04,Spain,221.57
2020-05-05,Spain,221.57
2020-05-06,Spain,221.57
2020-05-07,Spain,221.57
2020-05-08,Spain,221.57
2020-05-09,Spain,221.57
2020-05-10,Spain,152.71
2020-05-11,Spain,152.71
2020-05-12,Spain,152.71
2020-05-13,Spain,152.71
2020-05-14,Spain,152.71
2020-05-15,Spain,152.71
2020-05-16,Spain,152.71
2020-05-17,Spain,87.43
2020-05-18,Spain,87.43
2020-05-19,Spain,87.43
2020-05-20,Spain,87.43
2020-05-21,Spain,87.43
2020-05-22,Spain,87.43
2020-05-23,Spain,87.43
2020-05-24,Spain,64.57
2020-05-25,Spain,64.57
2020-05-26,Spain,64.57
2020-05-27,Spain,64.57
2020-05-28,Spain,64.57
2020-05-29,Spain,64.57
2020-05-30,Spain,64.57
2020-05-31,Spain,48.29
2020-06-01,Spain,48.29
2020-06-02,Spain,48.29
2020-06-03,Spain,48.29
2020-06-04,Spain,48.29
2020-06-05,Spain,48.29
2020-06-06,Spain,48.29
2020-06-07,Spain,34.29
2020-06-08,Spain,34.29
2020-06-09,Spain,34.29
2020-06-10,Spain,34.29
2020-06-11,Spain,34.29
2020-06-12,Spain,34.29
2020-06-13,Spain,34.29
2020-06-14,Spain,22.86
2020-06-15,Spain,22.86
2020-06-16,Spain,22.86
2020-06-17,Spain,22.86
2020-06-18,Spain,22.86
2020-06-19,Spain,22.86
2020-06-20,Spain,22.86
2020-06-21,Spain,16.14
2020-06-22,Spain,16.14
2020-06-23,Spain,16.14
2020-06-24,Spain,16.14
2020-06-25,Spain,16.14
2020-06-26,Spain,16.14
2020-06-27,Spain,16.14
2020-06-28,Spain,8.14
2020-06-29,Spain,8.14
2020-06-30,Spain,8.14
2020-07-01,Spain,8.14
2020-07-02,Spain,8.14
2020-07-03,Spain,8.14
2020-07-04,Spain,8.14
2020-07-05,Spain,6.86
2020-07-06,Spain,6.86
2020-07-07,Spain,6.86
2020-07-08,Spain,6.86
2020-07-09,Spain,6.86
2020-07-10,Spain,6.86
2020-07-11,Spain,6.86
2020-07-12,Spain,4.14
2020-07-13,Spain,4.14
2020-07-14,Spain,4.14
2020-07-15,Spain,4.14
2020-07-16,Spain,4.14
2020-07-17,Spain,4.14
2020-07-18,Spain,4.14
2020-07-19,Spain,3.0
2020-07-20,Spain,3.0
2020-07-21,Spain,3.0
2020-07-22,Spain,3.0
2020-07-23,Spain,3.0
2020-07-24,Spain,3.0
2020-07-25,Spain,3.0
2020-07-26,Spain,7.29
2020-07-27,Spain,7.29
2020-07-28,Spain,7.29
2020-07-29,Spain,7.29
2020-07-30,Spain,7.29
2020-07-31,Spain,7.29
2020-08-01,Spain,7.29
2020-08-02,Spain,12.86
2020-08-03,Spain,12.86
2020-08-04,Spain,12.86
2020-08-05,Spain,12.86
2020-08-06,Spain,12.86
2020-08-07,Spain,12.86
2020-08-08,Spain,12.86
2020-08-09,Spain,21.0
2020-08-10,Spain,21.0
2020-08-11,Spain,21.0
2020-08-12,Spain,21.0
2020-08-13,Spain,21.0
2020-08-14,Spain,21.0
2020-08-15,Spain,21.0
2020-08-16,Spain,29.14
2020-08-17,Spain,29.14
2020-08-18,Spain,29.14
2020-08-19,Spain,29.14
2020-08-20,Spain,29.14
2020-08-21,Spain,29.14
2020-08-22,Spain,29.14
2020-08-23,Spain,44.0
2020-08-24,Spain,44.0
2020-08-25,Spain,44.0
2020-08-26,Spain,44.0
2020-08-27,Spain,44.0
2020-08-28,Spain,44.0
2020-08-29,Spain,44.0
2020-08-30,Spain,56.29
2020-08-31,Spain,56.29
2020-09-01,Spain,56.29
2020-09-02,Spain,56.29
2020-09-03,Spain,56.29
2020-09-04,Spain,56.29
2020-09-05,Spain,56.29
2020-09-06,Spain,72.86
2020-09-07,Spain,72.86
2020-09-08,Spain,72.86
2020-09-09,Spain,72.86
2020-09-10,Spain,72.86
2020-09-11,Spain,72.86
2020-09-12,Spain,72.86
2020-09-13,Spain,97.14
2020-09-14,Spain,97.14
2020-09-15,Spain,97.14
2020-09-16,Spain,97.14
2020-09-17,Spain,97.14
2020-09-18,Spain,97.14
2020-09-19,Spain,97.14
2020-09-20,Spain,118.14
2020-09-21,Spain,118.14
2020-09-22,Spain,118.14
2020-09-23,Spain,118.14
2020-09-24,Spain,118.14
2020-09-25,Spain,118.14
2020-09-26,Spain,118.14
2020-09-27,Spain,125.71
2020-09-28,Spain,125.71
2020-09-29,Spain,125.71
2020-09-30,Spain,125.71
2020-10-01,Spain,125.71
2020-10-02,Spain,125.71
2020-10-03,Spain,125.71
2020-10-04,Spain,135.29
2020-10-05,Spain,135.29
2020-10-06,Spain,135.29
2020-10-07,Spain,135.29
2020-10-08,Spain,135.29
2020-10-09,Spain,135.29
2020-10-10,Spain,135.29
2020-10-11,Spain,134.86
2020-10-12,Spain,134.86
2020-10-13,Spain,134.86
2020-10-14,Spain,134.86
2020-10-15,Spain,134.86
2020-10-16,Spain,134.86
2020-10-17,Spain,134.86
2020-10-18,Spain,150.43
2020-10-19,Spain,150.43
2020-10-20,Spain,150.43
2020-10-21,Spain,150.43
2020-10-22,Spain,150.43
2020-10-23,Spain,150.43
2020-10-24,Spain,150.43
2020-10-25,Spain,198.14
2020-10-26,Spain,198.14
2020-10-27,Spain,198.14
2020-10-28,Spain,198.14
2020-10-29,Spain,198.14
2020-10-30,Spain,198.14
2020-10-31,Spain,198.14
2020-11-01,Spain,256.86
2020-11-02,Spain,256.86
2020-11-03,Spain,256.86
2020-11-04,Spain,256.86
2020-11-05,Spain,256.86
2020-11-06,Spain,256.86
2020-11-07,Spain,256.86
2020-11-08,Spain,329.14
2020-11-09,Spain,329.14
2020-11-10,Spain,329.14
2020-11-11,Spain,329.14
2020-11-12,Spain,329.14
2020-11-13,Spain,329.14
2020-11-14,Spain,329.14
2020-11-15,Spain,334.86
2020-11-16,Spain,334.86
2020-11-17,Spain,334.86
2020-11-18,Spain,334.86
2020-11-19,Spain,334.86
2020-11-20,Spain,334.86
2020-11-21,Spain,334.86
2020-11-22,Spain,311.86
2020-11-23,Spain,311.86
2020-11-24,Spain,311.86
2020-11-25,Spain,311.86
2020-11-26,Spain,311.86
2020-11-27,Spain,311.86
2020-11-28,Spain,311.86
2020-11-29,Spain,267.57
2020-11-30,Spain,267.57
2020-12-01,Spain,267.57
2020-12-02,Spain,267.57
2020-12-03,Spain,267.57
2020-12-04,Spain,267.57
2020-12-05,Spain,267.57
2020-12-06,Spain,218.0
2020-12-07,Spain,218.0
2020-12-08,Spain,218.0
2020-12-09,Spain,218.0
2020-12-10,Spain,218.0
2020-12-11,Spain,218.0
2020-12-12,Spain,218.0
2020-12-13,Spain,194.29
2020-12-14,Spain,194.29
2020-12-15,Spain,194.29
2020-12-16,Spain,194.29
2020-12-17,Spain,194.29
2020-12-18,Spain,194.29
2020-12-19,Spain,194.29
2020-12-20,Spain,163.71
2020-12-21,Spain,163.71
2020-12-22,Spain,163.71
2020-12-23,Spain,163.71
2020-12-24,Spain,163.71
2020-12-25,Spain,163.71
2020-12-26,Spain,163.71
2020-12-27,Spain,167.43
2020-12-28,Spain,167.43
2020-12-29,Spain,167.43
2020-12-30,Spain,167.43
2020-12-31,Spain,167.43
2021-01-01,Spain,167.43
2021-01-02,Spain,167.43
2021-01-03,Spain,183.86
2021-01-04,Spain,183.86
2021-01-05,Spain,183.86
2021-01-06,Spain,183.86
2021-01-07,Spain,183.86
2021-01-08,Spain,183.86
2021-01-09,Spain,183.86
2021-01-10,Spain,225.29
2021-01-11,Spain,225.29
2021-01-12,Spain,225.29
2021-01-13,Spain,225.29
2021-01-14,Spain,225.29
2021-01-15,Spain,225.29
2021-01-16,Spain,225.29
2021-01-17,Spain,332.14
2021-01-18,Spain,332.14
2021-01-19,Spain,332.14
2021-01-20,Spain,332.14
2021-01-21,Spain,332.14
2021-01-22,Spain,332.14
2021-01-23,Spain,332.14
2021-01-24,Spain,486.71
2021-01-25,Spain,486.71
2021-01-26,Spain,486.71
2021-01-27,Spain,486.71
2021-01-28,Spain,486.71
2021-01-29,Spain,486.71
2021-01-30,Spain,486.71
2021-01-31,Spain,545.57
2021-02-01,Spain,545.57
2021-02-02,Spain,545.57
2021-02-03,Spain,545.57
2021-02-04,Spain,545.57
2021-02-05,Spain,545.57
2021-02-06,Spain,545.57
2021-02-07,Spain,473.57
2021-02-08,Spain,473.57
2021-02-09,Spain,473.57
2021-02-10,Spain,473.57
2021-02-11,Spain,473.57
2021-02-12,Spain,473.57
2021-02-13,Spain,473.57
2021-02-14,Spain,351.29
2021-02-15,Spain,351.29
2021-02-16,Spain,351.29
2021-02-17,Spain,351.29
2021-02-18,Spain,351.29
2021-02-19,Spain,351.29
2021-02-20,Spain,351.29
2021-02-21,Spain,241.71
2021-02-22,Spain,241.71
2021-02-23,Spain,241.71
2021-02-24,Spain,241.71
2021-02-25,Spain,241.71
2021-02-26,Spain,241.71
2021-02-27,Spain,241.71
2021-02-28,Spain,187.86
2021-03-01,Spain,187.86
2021-03-02,Spain,187.86
2021-03-03,Spain,187.86
2021-03-04,Spain,187.86
2021-03-05,Spain,187.86
2021-03-06,Spain,187.86
2021-03-07,Spain,132.43
2021-03-08,Spain,132.43
2021-03-09,Spain,132.43
2021-03-10,Spain,132.43
2021-03-11,Spain,132.43
2021-03-12,Spain,132.43
2021-03-13,Spain,132.43
2021-03-14,Spain,102.43
2021-03-15,Spain,102.43
2021-03-16,Spain,102.43
2021-03-17,Spain,102.43
2021-03-18,Spain,102.43
2021-03-19,Spain,102.43
2021-03-20,Spain,102.43
2021-03-21,Spain,84.57
2021-03-22,Spain,84.57
2021-03-23,Spain,84.57
2021-03-24,Spain,84.57
2021-03-25,Spain,84.57
2021-03-26,Spain,84.57
2021-03-27,Spain,84.57
2021-03-28,Spain,76.14
2021-03-29,Spain,76.14
2021-03-30,Spain,76.14
2021-03-31,Spain,76.14
2021-04-01,Spain,76.14
2021-04-02,Spain,76.14
2021-04-03,Spain,76.14
2021-04-04,Spain,76.86
2021-04-05,Spain,76.86
2021-04-06,Spain,76.86
2021-04-07,Spain,76.86
2021-04-08,Spain,76.86
2021-04-09,Spain,76.86
2021-04-10,Spain,76.86
2021-04-11,Spain,80.43
2021-04-12,Spain,80.43
2021-04-13,Spain,80.43
2021-04-14,Spain,80.43
2021-04-15,Spain,80.43
2021-04-16,Spain,80.43
2021-04-17,Spain,80.43
2021-04-18,Spain,81.43
2021-04-19,Spain,81.43
2021-04-20,Spain,81.43
2021-04-21,Spain,81.43
2021-04-22,Spain,81.43
2021-04-23,Spain,81.43
2021-04-24,Spain,81.43
2021-04-25,Spain,75.43
2021-04-26,Spain,75.43
2021-04-27,Spain,75.43
2021-04-28,Spain,75.43
2021-04-29,Spain,75.43
2021-04-30,Spain,75.43
2021-05-01,Spain,75.43
2021-05-02,Spain,64.71
2021-05-03,Spain,64.71
2021-05-04,Spain,64.71
2021-05-05,Spain,64.71
2021-05-06,Spain,64.71
2021-05-07,Spain,64.71
2021-05-08,Spain,64.71
2021-05-09,Spain,65.43
2021-05-10,Spain,65.43
2021-05-11,Spain,65.43
2021-05-12,Spain,65.43
2021-05-13,Spain,65.43
2021-05-14,Spain,65.43
2021-05-15,Spain,65.43
2021-05-16,Spain,51.86
2021-05-17,Spain,51.86
2021-05-18,Spain,51.86
2021-05-19,Spain,51.86
2021-05-20,Spain,51.86
2021-05-21,Spain,51.86
2021-05-22,Spain,51.86
2021-05-23,Spain,36.14
2021-05-24,Spain,36.14
2021-05-25,Spain,36.14
2021-05-26,Spain,36.14
2021-05-27,Spain,36.14
2021-05-28,Spain,36.14
2021-05-29,Spain,36.14
2021-05-30,Spain,27.29
2021-05-31,Spain,27.29
2021-06-01,Spain,27.29
2021-06-02,Spain,27.29
2021-06-03,Spain,27.29
2021-06-04,Spain,27.29
2021-06-05,Spain,27.29
2021-06-06,Spain,29.86
2021-06-07,Spain,29.86
2021-06-08,Spain,29.86
2021-06-09,Spain,29.86
2021-06-10,Spain,29.86
2021-06-11,Spain,29.86
2021-06-12,Spain,29.86
2021-06-13,Spain,20.71
2021-06-14,Spain,20.71
2021-06-15,Spain,20.71
2021-06-16,Spain,20.71
2021-06-17,Spain,20.71
2021-06-18,Spain,20.71
2021-06-19,Spain,20.71
2021-06-20,Spain,18.57
2021-06-21,Spain,18.57
2021-06-22,Spain,18.57
2021-06-23,Spain,18.57
2021-06-24,Spain,18.57
2021-06-25,Spain,18.57
2021-06-26,Spain,18.57
2021-06-27,Spain,16.14
2021-06-28,Spain,16.14
2021-06-29,Spain,16.14
2021-06-30,Spain,16.14
2021-07-01,Spain,16.14
2021-07-02,Spain,16.14
2021-07-03,Spain,16.14
2021-07-04,Spain,12.71
2021-07-05,Spain,12.71
2021-07-06,Spain,12.71
2021-07-07,Spain,12.71
2021-07-08,Spain,12.71
2021-07-09,Spain,12.71
2021-07-10,Spain,12.71
2021-07-11,Spain,12.71
2021-07-12,Spain,12.71
2021-07-13,Spain,12.71
2021-07-14,Spain,12.71
2021-07-15,Spain,12.71
2021-07-16,Spain,12.71
2021-07-17,Spain,12.71
2021-07-18,Spain,23.14
2021-07-19,Spain,23.14
2021-07-20,Spain,23.14
2021-07-21,Spain,23.14
2021-07-22,Spain,23.14
2021-07-23,Spain,23.14
2021-07-24,Spain,23.14
2021-07-25,Spain,56.71
2021-07-26,Spain,56.71
2021-07-27,Spain,56.71
2021-07-28,Spain,56.71
2021-07-29,Spain,56.71
2021-07-30,Spain,56.71
2021-07-31,Spain,56.71
2021-08-01,Spain,79.43
2021-08-02,Spain,79.43
2021-08-03,Spain,79.43
2021-08-04,Spain,79.43
2021-08-05,Spain,79.43
2021-08-06,Spain,79.43
2021-08-07,Spain,79.43
2021-08-08,Spain,101.43
2021-08-09,Spain,101.43
2021-08-10,Spain,101.43
2021-08-11,Spain,101.43
2021-08-12,Spain,101.43
2021-08-13,Spain,101.43
2021-08-14,Spain,101.43
2021-08-15,Spain,114.71
2021-08-16,Spain,114.71
2021-08-17,Spain,114.71
2021-08-18,Spain,114.71
2021-08-19,Spain,114.71
2021-08-20,Spain,114.71
2021-08-21,Spain,114.71
2021-08-22,Spain,101.86
2021-08-23,Spain,101.86
2021-08-24,Spain,101.86
2021-08-25,Spain,101.86
2021-08-26,Spain,101.86
2021-08-27,Spain,101.86
2021-08-28,Spain,101.86
2021-08-29,Spain,91.57
2021-08-30,Spain,91.57
2021-08-31,Spain,91.57
2021-09-01,Spain,91.57
2021-09-02,Spain,91.57
2021-09-03,Spain,91.57
2021-09-04,Spain,91.57
2021-09-05,Spain,80.29
2021-09-06,Spain,80.29
2021-09-07,Spain,80.29
2021-09-08,Spain,80.29
2021-09-09,Spain,80.29
2021-09-10,Spain,80.29
2021-09-11,Spain,80.29
2021-09-12,Spain,63.14
2021-09-13,Spain,63.14
2021-09-14,Spain,63.14
2021-09-15,Spain,63.14
2021-09-16,Spain,63.14
2021-09-17,Spain,63.14
2021-09-18,Spain,63.14
2021-09-19,Spain,53.29
2021-09-20,Spain,53.29
2021-09-21,Spain,53.29
2021-09-22,Spain,53.29
2021-09-23,Spain,53.29
2021-09-24,Spain,53.29
2021-09-25,Spain,53.29
2021-09-26,Spain,36.14
2021-09-27,Spain,36.14
2021-09-28,Spain,36.14
2021-09-29,Spain,36.14
2021-09-30,Spain,36.14
2021-10-01,Spain,36.14
2021-10-02,Spain,36.14
2021-10-03,Spain,27.43
2021-10-04,Spain,27.43
2021-10-05,Spain,27.43
2021-10-06,Spain,27.43
2021-10-07,Spain,27.43
2021-10-08,Spain,27.43
2021-10-09,Spain,27.43
2021-10-10,Spain,21.57
2021-10-11,Spain,21.57
2021-10-12,Spain,21.57
2021-10-13,Spain,21.57
2021-10-14,Spain,21.57
2021-10-15,Spain,21.57
2021-10-16,Spain,21.57
2021-10-17,Spain,18.43
2021-10-18,Spain,18.43
2021-10-19,Spain,18.43
2021-10-20,Spain,18.43
2021-10-21,Spain,18.43
2021-10-22,Spain,18.43
2021-10-23,Spain,18.43
2021-10-24,Spain,17.57
2021-10-25,Spain,17.57
2021-10-26,Spain,17.57
2021-10-27,Spain,17.57
2021-10-28,Spain,17.57
2021-10-29,Spain,17.57
2021-10-30,Spain,17.57
2021-10-31,Spain,15.14
2021-11-01,Spain,15.14
2021-11-02,Spain,15.14
2021-11-03,Spain,15.14
2021-11-04,Spain,15.14
2021-11-05,Spain,15.14
2021-11-06,Spain,15.14
2021-11-07,Spain,13.71
2021-11-08,Spain,13.71
2021-11-09,Spain,13.71
2021-11-10,Spain,13.71
2021-11-11,Spain,13.71
2021-11-12,Spain,13.71
2021-11-13,Spain,13.71
2021-11-14,Spain,23.0
2021-11-15,Spain,23.0
2021-11-16,Spain,23.0
2021-11-17,Spain,23.0
2021-11-18,Spain,23.0
2021-11-19,Spain,23.0
2021-11-20,Spain,23.0
2021-11-21,Spain,22.14
2021-11-22,Spain,22.14
2021-11-23,Spain,22.14
2021-11-24,Spain,22.14
2021-11-25,Spain,22.14
2021-11-26,Spain,22.14
2021-11-27,Spain,22.14
2021-11-28,Spain,27.71
2021-11-29,Spain,27.71
2021-11-30,Spain,27.71
2021-12-01,Spain,27.71
2021-12-02,Spain,27.71
2021-12-03,Spain,27.71
2021-12-04,Spain,27.71
2021-12-05,Spain,42.14
2021-12-06,Spain,42.14
2021-12-07,Spain,42.14
2021-12-08,Spain,42.14
2021-12-09,Spain,42.14
2021-12-10,Spain,42.14
2021-12-11,Spain,42.14
2021-12-12,Spain,50.71
2021-12-13,Spain,50.71
2021-12-14,Spain,50.71
2021-12-15,Spain,50.71
2021-12-16,Spain,50.71
2021-12-17,Spain,50.71
2021-12-18,Spain,50.71
2021-12-19,Spain,71.57
2021-12-20,Spain,71.57
2021-12-21,Spain,71.57
2021-12-22,Spain,71.57
2021-12-23,Spain,71.57
2021-12-24,Spain,71.57
2021-12-25,Spain,71.57
2021-12-26,Spain,83.43
2021-12-27,Spain,83.43
2021-12-28,Spain,83.43
2021-12-29,Spain,83.43
2021-12-30,Spain,83.43
2021-12-31,Spain,83.43
2022-01-01,Spain,83.43
2022-01-02,Spain,104.43
2022-01-03,Spain,104.43
2022-01-04,Spain,104.43
2022-01-05,Spain,104.43
2022-01-06,Spain,104.43
2022-01-07,Spain,104.43
2022-01-08,Spain,104.43
2022-01-09,Spain,149.57
2022-01-10,Spain,149.57
2022-01-11,Spain,149.57
2022-01-12,Spain,149.57
2022-01-13,Spain,149.57
2022-01-14,Spain,149.57
2022-01-15,Spain,149.57
2022-01-16,Spain,198.14
2022-01-17,Spain,198.14
2022-01-18,Spain,198.14
2022-01-19,Spain,198.14
2022-01-20,Spain,198.14
2022-01-21,Spain,198.14
2022-01-22,Spain,198.14
2022-01-23,Spain,224.0
2022-01-24,Spain,224.0
2022-01-25,Spain,224.0
2022-01-26,Spain,224.0
2022-01-27,Spain,224.0
2022-01-28,Spain,224.0
2022-01-29,Spain,224.0
2022-01-30,Spain,252.71
2022-01-31,Spain,252.71
2022-02-01,Spain,252.71
2022-02-02,Spain,252.71
2022-02-03,Spain,252.71
2022-02-04,Spain,252.71
2022-02-05,Spain,252.71
2022-02-06,Spain,243.71
2022-02-07,Spain,243.71
2022-02-08,Spain,243.71
2022-02-09,Spain,243.71
2022-02-10,Spain,243.71
2022-02-11,Spain,243.71
2022-02-12,Spain,243.71
2022-02-13,Spain,200.0
2022-02-14,Spain,200.0
2022-02-15,Spain,200.0
2022-02-16,Spain,200.0
2022-02-17,Spain,200.0
2022-02-18,Spain,200.0
2022-02-19,Spain,200.0
2022-02-20,Spain,134.71
2022-02-21,Spain,134.71
2022-02-22,Spain,134.71
2022-02-23,Spain,134.71
2022-02-24,Spain,134.71
2022-02-25,Spain,134.71
2022-02-26,Spain,134.71
2022-02-27,Spain,94.57
2022-02-28,Spain,94.57
2022-03-01,Spain,94.57
2022-03-02,Spain,94.57
2022-03-03,Spain,94.57
2022-03-04,Spain,94.57
2022-03-05,Spain,94.57
2022-03-06,Spain,75.43
2022-03-07,Spain,75.43
2022-03-08,Spain,75.43
2022-03-09,Spain,75.43
2022-03-10,Spain,75.43
2022-03-11,Spain,75.43
2022-03-12,Spain,75.43
2022-03-13,Spain,63.43
2022-03-14,Spain,63.43
2022-03-15,Spain,63.43
2022-03-16,Spain,63.43
2022-03-17,Spain,63.43
2022-03-18,Spain,63.43
2022-03-19,Spain,63.43
2022-03-20,Spain,53.29
2022-03-21,Spain,53.29
2022-03-22,Spain,53.29
2022-03-23,Spain,53.29
2022-03-24,Spain,53.29
2022-03-25,Spain,53.29
2022-03-26,Spain,53.29
2022-03-27,Spain,44.43
2022-03-28,Spain,44.43
2022-03-29,Spain,44.43
2022-03-30,Spain,44.43
2022-03-31,Spain,44.43
2022-04-01,Spain,44.43
2022-04-02,Spain,44.43
2022-04-03,Spain,44.71
2022-04-04,Spain,44.71
2022-04-05,Spain,44.71
2022-04-06,Spain,44.71
2022-04-07,Spain,44.71
2022-04-08,Spain,44.71
2022-04-09,Spain,44.71
2022-04-10,Spain,48.0
2022-04-11,Spain,48.0
2022-04-12,Spain,48.0
2022-04-13,Spain,48.0
2022-04-14,Spain,48.0
2022-04-15,Spain,48.0
2022-04-16,Spain,48.0
2022-04-17,Spain,55.0
2022-04-18,Spain,55.0
2022-04-19,Spain,55.0
2022-04-20,Spain,55.0
2022-04-21,Spain,55.0
2022-04-22,Spain,55.0
2022-04-23,Spain,55.0
2022-04-24,Spain,59.86
2022-04-25,Spain,59.86
2022-04-26,Spain,59.86
2022-04-27,Spain,59.86
2022-04-28,Spain,59.86
2022-04-29,Spain,59.86
2022-04-30,Spain,59.86
2022-05-01,Spain,59.57
2022-05-02,Spain,59.57
2022-05-03,Spain,59.57
2022-05-04,Spain,59.57
2022-05-05,Spain,59.57
2022-05-06,Spain,59.57
2022-05-07,Spain,59.57
2022-05-08,Spain,70.57
2022-05-09,Spain,70.57
2022-05-10,Spain,70.57
2022-05-11,Spain,70.57
2022-05-12,Spain,70.57
2022-05-13,Spain,70.57
2022-05-14,Spain,70.57
2022-05-15,Spain,78.86
2022-05-16,Spain,78.86
2022-05-17,Spain,78.86
2022-05-18,Spain,78.86
2022-05-19,Spain,78.86
2022-05-20,Spain,78.86
2022-05-21,Spain,78.86
2022-05-22,Spain,76.0
2022-05-23,Spain,76.0
2022-05-24,Spain,76.0
2022-05-25,Spain,76.0
2022-05-26,Spain,76.0
2022-05-27,Spain,76.0
2022-05-28,Spain,76.0
2022-05-29,Spain,64.86
2022-05-30,Spain,64.86
2022-05-31,Spain,64.86
2022-06-01,Spain,64.86
2022-06-02,Spain,64.86
2022-06-03,Spain,64.86
2022-06-04,Spain,64.86
2022-06-05,Spain,63.14
2022-06-06,Spain,63.14
2022-06-07,Spain,63.14
2022-06-08,Spain,63.14
2022-06-09,Spain,63.14
2022-06-10,Spain,63.14
2022-06-11,Spain,63.14
2022-06-12,Spain,61.0
2022-06-13,Spain,61.0
2022-06-14,Spain,61.0
2022-06-15,Spain,61.0
2022-06-16,Spain,61.0
2022-06-17,Spain,61.0
2022-06-18,Spain,61.0
2022-06-19,Spain,71.0
2022-06-20,Spain,71.0
2022-06-21,Spain,71.0
2022-06-22,Spain,71.0
2022-06-23,Spain,71.0
2022-06-24,Spain,71.0
2022-06-25,Spain,71.0
2022-06-26,Spain,75.0
2022-06-27,Spain,75.0
2022-06-28,Spain,75.0
2022-06-29,Spain,75.0
2022-06-30,Spain,75.0
2022-07-01,Spain,75.0
2022-07-02,Spain,75.0
2022-07-03,Spain,91.86
2022-07-04,Spain,91.86
2022-07-05,Spain,91.86
2022-07-06,Spain,91.86
2022-07-07,Spain,91.86
2022-07-08,Spain,91.86
2022-07-09,Spain,91.86
2022-07-10,Spain,121.86
2022-07-11,Spain,121.86
2022-07-12,Spain,121.86
2022-07-13,Spain,121.86
2022-07-14,Spain,121.86
2022-07-15,Spain,121.86
2022-07-16,Spain,121.86
2022-07-17,Spain,157.71
2022-07-18,Spain,157.71
2022-07-19,Spain,157.71
2022-07-20,Spain,157.71
2022-07-21,Spain,157.71
2022-07-22,Spain,157.71
2022-07-23,Spain,157.71
2022-07-24,Spain,136.86
2022-07-25,Spain,136.86
2022-07-26,Spain,136.86
2022-07-27,Spain,136.86
2022-07-28,Spain,136.86
2022-07-29,Spain,136.86
2022-07-30,Spain,136.86
2022-07-31,Spain,112.57
2022-08-01,Spain,112.57
2022-08-02,Spain,112.57
2022-08-03,Spain,112.57
2022-08-04,Spain,112.57
2022-08-05,Spain,112.57
2022-08-06,Spain,112.57
2022-08-07,Spain,85.29
2022-08-08,Spain,85.29
2022-08-09,Spain,85.29
2022-08-10,Spain,85.29
2022-08-11,Spain,85.29
2022-08-12,Spain,85.29
2022-08-13,Spain,85.29
2022-08-14,Spain,71.14
2022-08-15,Spain,71.14
2022-08-16,Spain,71.14
2022-08-17,Spain,71.14
2022-08-18,Spain,71.14
2022-08-19,Spain,71.14
2022-08-20,Spain,71.14
2022-08-21,Spain,48.43
2022-08-22,Spain,48.43
2022-08-23,Spain,48.43
2022-08-24,Spain,48.43
2022-08-25,Spain,48.43
2022-08-26,Spain,48.43
2022-08-27,Spain,48.43
2022-08-28,Spain,43.57
2022-08-29,Spain,43.57
2022-08-30,Spain,43.57
2022-08-31,Spain,43.57
2022-09-01,Spain,43.57
2022-09-02,Spain,43.57
2022-09-03,Spain,43.57
2022-09-04,Spain,36.0
2022-09-05,Spain,36.0
2022-09-06,Spain,36.0
2022-09-07,Spain,36.0
2022-09-08,Spain,36.0
2022-09-09,Spain,36.0
2022-09-10,Spain,36.0
2022-09-11,Spain,24.43
2022-09-12,Spain,24.43
2022-09-13,Spain,24.43
2022-09-14,Spain,24.43
2022-09-15,Spain,24.43
2022-09-16,Spain,24.43
2022-09-17,Spain,24.43
2022-09-18,Spain,23.57
2022-09-19,Spain,23.57
2022-09-20,Spain,23.57
2022-09-21,Spain,23.57
2022-09-22,Spain,23.57
2022-09-23,Spain,23.57
2022-09-24,Spain,23.57
2022-09-25,Spain,15.29
2022-09-26,Spain,15.29
2022-09-27,Spain,15.29
2022-09-28,Spain,15.29
2022-09-29,Spain,15.29
2022-09-30,Spain,15.29
2022-10-01,Spain,15.29
2022-10-02,Spain,18.0
2022-10-03,Spain,18.0
2022-10-04,Spain,18.0
2022-10-05,Spain,18.0
2022-10-06,Spain,18.0
2022-10-07,Spain,18.0
2022-10-08,Spain,18.0
2022-10-09,Spain,21.43
2022-10-10,Spain,21.43
2022-10-11,Spain,21.43
2022-10-12,Spain,21.43
2022-10-13,Spain,21.43
2022-10-14,Spain,21.43
2022-10-15,Spain,21.43
2022-10-16,Spain,21.0
2022-10-17,Spain,21.0
2022-10-18,Spain,21.0
2022-10-19,Spain,21.0
2022-10-20,Spain,21.0
2022-10-21,Spain,21.0
2022-10-22,Spain,21.0
2022-10-23,Spain,25.57
2022-10-24,Spain,25.57
2022-10-25,Spain,25.57
2022-10-26,Spain,25.57
2022-10-27,Spain,25.57
2022-10-28,Spain,25.57
2022-10-29,Spain,25.57
2022-10-30,Spain,23.71
2022-10-31,Spain,23.71
2022-11-01,Spain,23.71
2022-11-02,Spain,23.71
2022-11-03,Spain,23.71
2022-11-04,Spain,23.71
2022-11-05,Spain,23.71
2022-11-06,Spain,20.29
2022-11-07,Spain,20.29
2022-11-08,Spain,20.29
2022-11-09,Spain,20.29
2022-11-10,Spain,20.29
2022-11-11,Spain,20.29
2022-11-12,Spain,20.29
2022-11-13,Spain,21.0
2022-11-14,Spain,21.0
2022-11-15,Spain,21.0
2022-11-16,Spain,21.0
2022-11-17,Spain,21.0
2022-11-18,Spain,21.0
2022-11-19,Spain,21.0
2022-11-20,Spain,23.29
2022-11-21,Spain,23.29
2022-11-22,Spain,23.29
2022-11-23,Spain,23.29
2022-11-24,Spain,23.29
2022-11-25,Spain,23.29
2022-11-26,Spain,23.29
2022-11-27,Spain,25.0
2022-11-28,Spain,25.0
2022-11-29,Spain,25.0
2022-11-30,Spain,25.0
2022-12-01,Spain,25.0
2022-12-02,Spain,25.0
2022-12-03,Spain,25.0
2022-12-04,Spain,26.14
2022-12-05,Spain,26.14
2022-12-06,Spain,26.14
2022-12-07,Spain,26.14
2022-12-08,Spain,26.14
2022-12-09,Spain,26.14
2022-12-10,Spain,26.14
2022-12-11,Spain,27.14
2022-12-12,Spain,27.14
2022-12-13,Spain,27.14
2022-12-14,Spain,27.14
2022-12-15,Spain,27.14
2022-12-16,Spain,27.14
2022-12-17,Spain,27.14
2022-12-18,Spain,34.43
2022-12-19,Spain,34.43
2022-12-20,Spain,34.43
2022-12-21,Spain,34.43
2022-12-22,Spain,34.43
2022-12-23,Spain,34.43
2022-12-24,Spain,34.43
2022-12-25,Spain,31.0
2022-12-26,Spain,31.0
2022-12-27,Spain,31.0
2022-12-28,Spain,31.0
2022-12-29,Spain,31.0
2022-12-30,Spain,31.0
2022-12-31,Spain,31.0
2023-01-01,Spain,30.0
2023-01-02,Spain,30.0
2023-01-03,Spain,30.0
2023-01-04,Spain,30.0
2023-01-05,Spain,30.0
2023-01-06,Spain,30.0
2023-01-07,Spain,30.0
2023-01-08,Spain,28.86
2023-01-09,Spain,28.86
2023-01-10,Spain,28.86
2023-01-11,Spain,28.86
2023-01-12,Spain,28.86
2023-01-13,Spain,28.86
2023-01-14,Spain,28.86
2023-01-15,Spain,25.43
2023-01-16,Spain,25.43
2023-01-17,Spain,25.43
2023-01-18,Spain,25.43
2023-01-19,Spain,25.43
2023-01-20,Spain,25.43
2023-01-21,Spain,25.43
2023-01-22,Spain,28.14
2023-01-23,Spain,28.14
2023-01-24,Spain,28.14
2023-01-25,Spain,28.14
2023-01-26,Spain,28.14
2023-01-27,Spain,28.14
2023-01-28,Spain,28.14
2023-01-29,Spain,19.43
2023-01-30,Spain,19.43
2023-01-31,Spain,19.43
2023-02-01,Spain,19.43
2023-02-02,Spain,19.43
2023-02-03,Spain,19.43
2023-02-04,Spain,19.43
2023-02-05,Spain,16.57
2023-02-06,Spain,16.57
2023-02-07,Spain,16.57
2023-02-08,Spain,16.57
2023-02-09,Spain,16.57
2023-02-10,Spain,16.57
2023-02-11,Spain,16.57
2023-02-12,Spain,14.71
2023-02-13,Spain,14.71
2023-02-14,Spain,14.71
2023-02-15,Spain,14.71
2023-02-16,Spain,14.71
2023-02-17,Spain,14.71
2023-02-18,Spain,14.71
2023-02-19,Spain,12.14
2023-02-20,Spain,12.14
2023-02-21,Spain,12.14
2023-02-22,Spain,12.14
2023-02-23,Spain,12.14
2023-02-24,Spain,12.14
2023-02-25,Spain,12.14
2023-02-26,Spain,13.0
2023-02-27,Spain,13.0
2023-02-28,Spain,13.0
2023-03-01,Spain,13.0
2023-03-02,Spain,13.0
2023-03-03,Spain,13.0
2023-03-04,Spain,13.0
2023-03-05,Spain,11.71
2023-03-06,Spain,11.71
2023-03-07,Spain,11.71
2023-03-08,Spain,11.71
2023-03-09,Spain,11.71
2023-03-10,Spain,11.71
2023-03-11,Spain,11.71
2023-03-12,Spain,13.86
2023-03-13,Spain,13.86
2023-03-14,Spain,13.86
2023-03-15,Spain,13.86
2023-03-16,Spain,13.86
2023-03-17,Spain,13.86
2023-03-18,Spain,13.86
2023-03-19,Spain,17.57
2023-03-20,Spain,17.57
2023-03-21,Spain,17.57
2023-03-22,Spain,17.57
2023-03-23,Spain,17.57
2023-03-24,Spain,17.57
2023-03-25,Spain,17.57
2023-03-26,Spain,13.57
2023-03-27,Spain,13.57
2023-03-28,Spain,13.57
2023-03-29,Spain,13.57
2023-03-30,Spain,13.57
2023-03-31,Spain,13.57
2023-04-01,Spain,13.57
2023-04-02,Spain,12.0
2023-04-03,Spain,12.0
2023-04-04,Spain,12.0
2023-04-05,Spain,12.0
2023-04-06,Spain,12.0
2023-04-07,Spain,12.0
2023-04-08,Spain,12.0
2023-04-09,Spain,12.29
2023-04-10,Spain,12.29
2023-04-11,Spain,12.29
2023-04-12,Spain,12.29
2023-04-13,Spain,12.29
2023-04-14,Spain,12.29
2023-04-15,Spain,12.29
2023-04-16,Spain,11.43
2023-04-17,Spain,11.43
2023-04-18,Spain,11.43
2023-04-19,Spain,11.43
2023-04-20,Spain,11.43
2023-04-21,Spain,11.43
2023-04-22,Spain,11.43
2023-04-23,Spain,16.0
2023-04-24,Spain,16.0
2023-04-25,Spain,16.0
2023-04-26,Spain,16.0
2023-04-27,Spain,16.0
2023-04-28,Spain,16.0
2023-04-29,Spain,16.0
2023-04-30,Spain,18.29
2023-05-01,Spain,18.29
2023-05-02,Spain,18.29
2023-05-03,Spain,18.29
2023-05-04,Spain,18.29
2023-05-05,Spain,18.29
2023-05-06,Spain,18.29
2023-05-07,Spain,14.0
2023-05-08,Spain,14.0
2023-05-09,Spain,14.0
2023-05-10,Spain,14.0
2023-05-11,Spain,14.0
2023-05-12,Spain,14.0
2023-05-13,Spain,14.0
2023-05-14,Spain,14.57
2023-05-15,Spain,14.57
2023-05-16,Spain,14.57
2023-05-17,Spain,14.57
2023-05-18,Spain,14.57
2023-05-19,Spain,14.57
2023-05-20,Spain,14.57
2023-05-21,Spain,14.29
2023-05-22,Spain,14.29
2023-05-23,Spain,14.29
2023-05-24,Spain,14.29
2023-05-25,Spain,14.29
2023-05-26,Spain,14.29
2023-05-27,Spain,14.29
2023-05-28,Spain,14.14
2023-05-29,Spain,14.14
2023-05-30,Spain,14.14
2023-05-31,Spain,14.14
2023-06-01,Spain,14.14
2023-06-02,Spain,14.14
2023-06-03,Spain,14.14
2023-06-04,Spain,14.0
2023-06-05,Spain,14.0
2023-06-06,Spain,14.0
2023-06-07,Spain,14.0
2023-06-08,Spain,14.0
2023-06-09,Spain,14.0
2023-06-10,Spain,14.0
2023-06-11,Spain,12.71
2023-06-12,Spain,12.71
2023-06-13,Spain,12.71
2023-06-14,Spain,12.71
2023-06-15,Spain,12.71
2023-06-16,Spain,12.71
2023-06-17,Spain,12.71
2023-06-18,Spain,9.29
2023-06-19,Spain,9.29
2023-06-20,Spain,9.29
2023-06-21,Spain,9.29
2023-06-22,Spain,9.29
2023-06-23,Spain,9.29
2023-06-24,Spain,9.29
2023-06-25,Spain,6.0
2023-06-26,Spain,6.0
2023-06-27,Spain,6.0
2023-06-28,Spain,6.0
2023-06-29,Spain,6.0
2023-06-30,Spain,6.0
2023-07-01,Spain,6.0
2023-07-02,Spain,1.57
2023-07-03,Spain,1.57
2023-07-04,Spain,1.57
2023-07-05,Spain,1.57
2023-07-06,Spain,1.57
2023-07-07,Spain,1.57
2023-07-08,Spain,1.57
2023-07-09,Spain,0.0
