date,retail,transit,workplaces
2020-02-15,2.0,8.0,0.0
2020-02-16,2.0,5.0,-1.0
2020-02-17,0.0,3.0,3.0
2020-02-18,-2.0,4.0,3.0
2020-02-19,0.0,2.0,3.0
2020-02-20,1.0,5.0,3.0
2020-02-21,1.0,6.0,2.0
2020-02-22,2.0,14.0,2.0
2020-02-23,7.0,11.0,1.0
2020-02-24,5.0,4.0,-7.0
2020-02-25,-2.0,3.0,-6.0
2020-02-26,0.0,1.0,0.0
2020-02-27,4.0,6.0,1.0
2020-02-28,-1.0,2.0,-11.0
2020-02-29,-1.0,6.0,-1.0
2020-03-01,2.0,5.0,1.0
2020-03-02,-3.0,-3.0,-3.0
2020-03-03,-3.0,1.0,3.0
2020-03-04,0.0,2.0,3.0
2020-03-05,-1.0,0.0,2.0
2020-03-06,-2.0,0.0,-1.0
2020-03-07,-1.0,4.0,1.0
2020-03-08,4.0,8.0,1.0
2020-03-09,-1.0,0.0,3.0
2020-03-10,-3.0,-1.0,2.0
2020-03-11,-5.0,-9.0,-2.0
2020-03-12,-13.0,-16.0,-5.0
2020-03-13,-33.0,-32.0,-17.0
2020-03-14,-69.0,-52.0,-31.0
2020-03-15,-87.0,-71.0,-48.0
2020-03-16,-80.0,-71.0,-52.0
2020-03-17,-83.0,-74.0,-59.0
2020-03-18,-84.0,-76.0,-60.0
2020-03-19,-88.0,-80.0,-71.0
2020-03-20,-87.0,-80.0,-66.0
2020-03-21,-92.0,-84.0,-63.0
2020-03-22,-94.0,-87.0,-65.0
2020-03-23,-85.0,-81.0,-65.0
2020-03-24,-87.0,-81.0,-67.0
2020-03-25,-87.0,-82.0,-67.0
2020-03-26,-87.0,-82.0,-68.0
2020-03-27,-88.0,-83.0,-68.0
2020-03-28,-92.0,-86.0,-64.0
2020-03-29,-94.0,-88.0,-64.0
2020-03-30,-89.0,-84.0,-74.0
2020-03-31,-92.0,-84.0,-76.0
2020-04-01,-92.0,-84.0,-75.0
2020-04-02,-92.0,-84.0,-75.0
2020-04-03,-89.0,-84.0,-74.0
2020-04-04,-92.0,-86.0,-65.0
2020-04-05,-94.0,-89.0,-68.0
2020-04-06,-87.0,-83.0,-74.0
2020-04-07,-89.0,-83.0,-74.0
2020-04-08,-88.0,-82.0,-74.0
2020-04-09,-93.0,-88.0,-84.0
2020-04-10,-96.0,-92.0,-90.0
2020-04-11,-92.0,-84.0,-63.0
2020-04-12,-94.0,-89.0,-67.0
2020-04-13,-90.0,-85.0,-77.0
2020-04-14,-87.0,-79.0,-67.0
2020-04-15,-88.0,-81.0,-68.0
2020-04-16,-88.0,-80.0,-67.0
2020-04-17,-89.0,-81.0,-67.0
2020-04-18,-92.0,-84.0,-61.0
2020-04-19,-95.0,-89.0,-65.0
2020-04-20,-87.0,-80.0,-66.0
2020-04-21,-87.0,-80.0,-66.0
2020-04-22,-87.0,-80.0,-65.0
2020-04-23,-87.0,-80.0,-67.0
2020-04-24,-88.0,-79.0,-65.0
2020-04-25,-92.0,-83.0,-59.0
2020-04-26,-92.0,-82.0,-62.0
2020-04-27,-85.0,-76.0,-63.0
2020-04-28,-85.0,-75.0,-64.0
2020-04-29,-84.0,-75.0,-63.0
2020-04-30,-82.0,-74.0,-63.0
2020-05-01,-94.0,-86.0,-86.0
2020-05-02,-84.0,-63.0,-53.0
2020-05-03,-83.0,-64.0,-52.0
2020-05-04,-75.0,-62.0,-58.0
2020-05-05,-76.0,-61.0,-58.0
2020-05-06,-76.0,-61.0,-58.0
2020-05-07,-76.0,-63.0,-58.0
2020-05-08,-78.0,-64.0,-57.0
2020-05-09,-84.0,-64.0,-47.0
2020-05-10,-86.0,-72.0,-51.0
2020-05-11,-66.0,-57.0,-52.0
2020-05-12,-70.0,-60.0,-53.0
2020-05-13,-69.0,-58.0,-53.0
2020-05-14,-72.0,-64.0,-54.0
2020-05-15,-72.0,-64.0,-55.0
2020-05-16,-76.0,-59.0,-40.0
2020-05-17,-75.0,-58.0,-38.0
2020-05-18,-57.0,-51.0,-48.0
2020-05-19,-58.0,-51.0,-48.0
2020-05-20,-58.0,-52.0,-48.0
2020-05-21,-58.0,-53.0,-48.0
2020-05-22,-60.0,-53.0,-46.0
2020-05-23,-66.0,-50.0,-29.0
2020-05-24,-67.0,-55.0,-29.0
2020-05-25,-44.0,-44.0,-44.0
2020-05-26,-45.0,-44.0,-43.0
2020-05-27,-45.0,-45.0,-42.0
2020-05-28,-44.0,-44.0,-42.0
2020-05-29,-47.0,-46.0,-41.0
2020-05-30,-52.0,-37.0,-17.0
2020-05-31,-57.0,-49.0,-16.0
2020-06-01,-38.0,-42.0,-42.0
2020-06-02,-38.0,-40.0,-39.0
2020-06-03,-39.0,-42.0,-39.0
2020-06-04,-41.0,-44.0,-39.0
2020-06-05,-37.0,-40.0,-37.0
2020-06-06,-43.0,-35.0,-13.0
2020-06-07,-52.0,-49.0,-14.0
2020-06-08,-29.0,-40.0,-37.0
2020-06-09,-31.0,-40.0,-38.0
2020-06-10,-28.0,-38.0,-36.0
2020-06-11,-31.0,-42.0,-39.0
2020-06-12,-31.0,-40.0,-36.0
2020-06-13,-35.0,-32.0,-7.0
2020-06-14,-39.0,-39.0,-3.0
2020-06-15,-23.0,-36.0,-34.0
2020-06-16,-26.0,-37.0,-34.0
2020-06-17,-24.0,-35.0,-34.0
2020-06-18,-24.0,-36.0,-34.0
2020-06-19,-26.0,-36.0,-32.0
2020-06-20,-32.0,-30.0,-4.0
2020-06-21,-34.0,-35.0,0.0
2020-06-22,-17.0,-31.0,-35.0
2020-06-23,-16.0,-28.0,-34.0
2020-06-24,-30.0,-40.0,-47.0
2020-06-25,-18.0,-32.0,-33.0
2020-06-26,-22.0,-32.0,-32.0
2020-06-27,-29.0,-29.0,-6.0
2020-06-28,-31.0,-34.0,6.0
2020-06-29,-13.0,-30.0,-32.0
2020-06-30,-13.0,-29.0,-30.0
2020-07-01,-14.0,-29.0,-31.0
2020-07-02,-13.0,-29.0,-31.0
2020-07-03,-18.0,-29.0,-30.0
2020-07-04,-25.0,-26.0,-3.0
2020-07-05,-24.0,-30.0,5.0
2020-07-06,-10.0,-27.0,-33.0
2020-07-07,-12.0,-26.0,-33.0
2020-07-08,-13.0,-27.0,-31.0
2020-07-09,-13.0,-27.0,-31.0
2020-07-10,-19.0,-29.0,-30.0
2020-07-11,-27.0,-27.0,-2.0
2020-07-12,-27.0,-31.0,6.0
2020-07-13,-10.0,-27.0,-31.0
2020-07-14,-12.0,-27.0,-32.0
2020-07-15,-12.0,-28.0,-30.0
2020-07-16,-13.0,-30.0,-31.0
2020-07-17,-20.0,-31.0,-30.0
2020-07-18,-29.0,-29.0,-1.0
2020-07-19,-28.0,-33.0,7.0
2020-07-20,-12.0,-30.0,-33.0
2020-07-21,-14.0,-30.0,-33.0
2020-07-22,-14.0,-31.0,-30.0
2020-07-23,-14.0,-31.0,-31.0
2020-07-24,-21.0,-33.0,-30.0
2020-07-25,-31.0,-30.0,-3.0
2020-07-26,-28.0,-33.0,9.0
2020-07-27,-11.0,-31.0,-34.0
2020-07-28,-14.0,-32.0,-33.0
2020-07-29,-13.0,-32.0,-33.0
2020-07-30,-14.0,-32.0,-33.0
2020-07-31,-21.0,-34.0,-34.0
2020-08-01,-28.0,-31.0,-3.0
2020-08-02,-25.0,-33.0,7.0
2020-08-03,-5.0,-31.0,-39.0
2020-08-04,-9.0,-32.0,-39.0
2020-08-05,-9.0,-34.0,-39.0
2020-08-06,-11.0,-34.0,-39.0
2020-08-07,-20.0,-37.0,-38.0
2020-08-08,-28.0,-33.0,-5.0
2020-08-09,-24.0,-34.0,7.0
2020-08-10,-6.0,-34.0,-43.0
2020-08-11,-12.0,-37.0,-44.0
2020-08-12,-9.0,-37.0,-43.0
2020-08-13,-11.0,-36.0,-43.0
2020-08-14,-20.0,-38.0,-42.0
2020-08-15,-36.0,-36.0,-19.0
2020-08-16,-24.0,-34.0,7.0
2020-08-17,-8.0,-35.0,-45.0
2020-08-18,-12.0,-36.0,-43.0
2020-08-19,-16.0,-39.0,-44.0
2020-08-20,-16.0,-38.0,-44.0
2020-08-21,-25.0,-40.0,-43.0
2020-08-22,-33.0,-35.0,-7.0
2020-08-23,-28.0,-36.0,7.0
2020-08-24,-13.0,-36.0,-41.0
2020-08-25,-16.0,-36.0,-40.0
2020-08-26,-17.0,-38.0,-39.0
2020-08-27,-17.0,-38.0,-39.0
2020-08-28,-24.0,-40.0,-39.0
2020-08-29,-32.0,-38.0,-9.0
2020-08-30,-27.0,-35.0,5.0
2020-08-31,-10.0,-32.0,-36.0
2020-09-01,-14.0,-30.0,-34.0
2020-09-02,-14.0,-31.0,-33.0
2020-09-03,-15.0,-31.0,-33.0
2020-09-04,-20.0,-32.0,-32.0
2020-09-05,-27.0,-30.0,-7.0
2020-09-06,-25.0,-33.0,4.0
2020-09-07,-11.0,-30.0,-36.0
2020-09-08,-16.0,-30.0,-38.0
2020-09-09,-15.0,-30.0,-32.0
2020-09-10,-13.0,-27.0,-32.0
2020-09-11,-23.0,-33.0,-38.0
2020-09-12,-26.0,-28.0,-7.0
2020-09-13,-27.0,-31.0,4.0
2020-09-14,-12.0,-26.0,-29.0
2020-09-15,-16.0,-26.0,-29.0
2020-09-16,-18.0,-27.0,-28.0
2020-09-17,-19.0,-28.0,-29.0
2020-09-18,-25.0,-30.0,-28.0
2020-09-19,-28.0,-31.0,-8.0
2020-09-20,-29.0,-33.0,1.0
2020-09-21,-17.0,-27.0,-29.0
2020-09-22,-20.0,-24.0,-28.0
2020-09-23,-23.0,-25.0,-27.0
2020-09-24,-24.0,-29.0,-30.0
2020-09-25,-26.0,-27.0,-26.0
2020-09-26,-30.0,-29.0,-7.0
2020-09-27,-33.0,-33.0,0.0
2020-09-28,-20.0,-23.0,-24.0
2020-09-29,-22.0,-22.0,-24.0
2020-09-30,-22.0,-22.0,-24.0
2020-10-01,-23.0,-22.0,-22.0
2020-10-02,-29.0,-24.0,-22.0
2020-10-03,-28.0,-25.0,-8.0
2020-10-04,-34.0,-32.0,-4.0
2020-10-05,-20.0,-18.0,-23.0
2020-10-06,-22.0,-18.0,-22.0
2020-10-07,-23.0,-21.0,-21.0
2020-10-08,-20.0,-20.0,-21.0
2020-10-09,-25.0,-21.0,-27.0
2020-10-10,-29.0,-27.0,-9.0
2020-10-11,-24.0,-31.0,-4.0
2020-10-12,-32.0,-46.0,-72.0
2020-10-13,-24.0,-19.0,-22.0
2020-10-14,-26.0,-22.0,-20.0
2020-10-15,-25.0,-21.0,-20.0
2020-10-16,-29.0,-21.0,-19.0
2020-10-17,-34.0,-24.0,-10.0
2020-10-18,-38.0,-30.0,-6.0
2020-10-19,-28.0,-21.0,-20.0
2020-10-20,-33.0,-25.0,-21.0
2020-10-21,-31.0,-24.0,-19.0
2020-10-22,-32.0,-24.0,-20.0
2020-10-23,-30.0,-21.0,-19.0
2020-10-24,-36.0,-26.0,-12.0
2020-10-25,-42.0,-37.0,-11.0
2020-10-26,-28.0,-23.0,-20.0
2020-10-27,-30.0,-22.0,-20.0
2020-10-28,-31.0,-24.0,-19.0
2020-10-29,-29.0,-23.0,-20.0
2020-10-30,-34.0,-26.0,-21.0
2020-10-31,-40.0,-32.0,-14.0
2020-11-01,-40.0,-37.0,-15.0
2020-11-02,-35.0,-38.0,-46.0
2020-11-03,-33.0,-26.0,-21.0
2020-11-04,-36.0,-30.0,-21.0
2020-11-05,-36.0,-30.0,-22.0
2020-11-06,-38.0,-30.0,-21.0
2020-11-07,-47.0,-39.0,-20.0
2020-11-08,-48.0,-37.0,-20.0
2020-11-09,-32.0,-32.0,-27.0
2020-11-10,-37.0,-26.0,-22.0
2020-11-11,-38.0,-27.0,-21.0
2020-11-12,-38.0,-27.0,-22.0
2020-11-13,-40.0,-28.0,-22.0
2020-11-14,-48.0,-37.0,-21.0
2020-11-15,-51.0,-40.0,-22.0
2020-11-16,-36.0,-27.0,-21.0
2020-11-17,-37.0,-26.0,-21.0
2020-11-18,-38.0,-27.0,-20.0
2020-11-19,-37.0,-27.0,-21.0
2020-11-20,-40.0,-27.0,-20.0
2020-11-21,-44.0,-32.0,-19.0
2020-11-22,-48.0,-36.0,-21.0
2020-11-23,-32.0,-27.0,-20.0
2020-11-24,-33.0,-26.0,-19.0
2020-11-25,-34.0,-28.0,-19.0
2020-11-26,-35.0,-29.0,-20.0
2020-11-27,-36.0,-30.0,-20.0
2020-11-28,-39.0,-32.0,-17.0
2020-11-29,-39.0,-34.0,-16.0
2020-11-30,-28.0,-24.0,-19.0
2020-12-01,-30.0,-23.0,-18.0
2020-12-02,-30.0,-25.0,-17.0
2020-12-03,-29.0,-24.0,-19.0
2020-12-04,-34.0,-28.0,-20.0
2020-12-05,-39.0,-33.0,-16.0
2020-12-06,-38.0,-38.0,-18.0
2020-12-07,-23.0,-41.0,-61.0
2020-12-08,-46.0,-53.0,-75.0
2020-12-09,-28.0,-26.0,-18.0
2020-12-10,-29.0,-26.0,-19.0
2020-12-11,-33.0,-28.0,-18.0
2020-12-12,-34.0,-27.0,-12.0
2020-12-13,-32.0,-31.0,-11.0
2020-12-14,-23.0,-24.0,-18.0
2020-12-15,-23.0,-22.0,-18.0
2020-12-16,-25.0,-24.0,-17.0
2020-12-17,-23.0,-22.0,-17.0
2020-12-18,-27.0,-24.0,-18.0
2020-12-19,-32.0,-25.0,-12.0
2020-12-20,-25.0,-26.0,-9.0
2020-12-21,-13.0,-20.0,-22.0
2020-12-22,-14.0,-20.0,-26.0
2020-12-23,-11.0,-23.0,-35.0
2020-12-24,-25.0,-41.0,-54.0
2020-12-25,-73.0,-67.0,-82.0
2020-12-26,-42.0,-35.0,-26.0
2020-12-27,-32.0,-35.0,-14.0
2020-12-28,-16.0,-34.0,-44.0
2020-12-29,-17.0,-32.0,-44.0
2020-12-30,-14.0,-31.0,-42.0
2020-12-31,-28.0,-44.0,-55.0
2021-01-01,-75.0,-70.0,-83.0
2021-01-02,-36.0,-34.0,-21.0
2021-01-03,-29.0,-34.0,-11.0
2021-01-04,-9.0,-30.0,-40.0
2021-01-05,-9.0,-29.0,-42.0
2021-01-06,-56.0,-57.0,-76.0
2021-01-07,-35.0,-39.0,-37.0
2021-01-08,-45.0,-41.0,-36.0
2021-01-09,-58.0,-50.0,-32.0
2021-01-10,-58.0,-50.0,-28.0
2021-01-11,-36.0,-35.0,-31.0
2021-01-12,-40.0,-35.0,-30.0
2021-01-13,-42.0,-35.0,-28.0
2021-01-14,-43.0,-36.0,-30.0
2021-01-15,-46.0,-37.0,-30.0
2021-01-16,-52.0,-39.0,-25.0
2021-01-17,-55.0,-45.0,-27.0
2021-01-18,-40.0,-34.0,-28.0
2021-01-19,-43.0,-35.0,-29.0
2021-01-20,-47.0,-38.0,-29.0
2021-01-21,-47.0,-36.0,-27.0
2021-01-22,-52.0,-40.0,-29.0
2021-01-23,-58.0,-46.0,-28.0
2021-01-24,-59.0,-47.0,-30.0
2021-01-25,-45.0,-36.0,-27.0
2021-01-26,-46.0,-34.0,-27.0
2021-01-27,-47.0,-35.0,-26.0
2021-01-28,-46.0,-34.0,-26.0
2021-01-29,-49.0,-35.0,-27.0
2021-01-30,-58.0,-46.0,-28.0
2021-01-31,-60.0,-48.0,-30.0
2021-02-01,-43.0,-34.0,-25.0
2021-02-02,-45.0,-35.0,-26.0
2021-02-03,-46.0,-35.0,-25.0
2021-02-04,-46.0,-35.0,-25.0
2021-02-05,-50.0,-36.0,-25.0
2021-02-06,-58.0,-45.0,-28.0
2021-02-07,-58.0,-46.0,-30.0
2021-02-08,-44.0,-35.0,-25.0
2021-02-09,-46.0,-35.0,-25.0
2021-02-10,-44.0,-34.0,-23.0
2021-02-11,-43.0,-32.0,-23.0
2021-02-12,-46.0,-33.0,-23.0
2021-02-13,-48.0,-35.0,-23.0
2021-02-14,-46.0,-38.0,-23.0
2021-02-15,-38.0,-32.0,-29.0
2021-02-16,-42.0,-31.0,-28.0
2021-02-17,-41.0,-29.0,-23.0
2021-02-18,-40.0,-29.0,-22.0
2021-02-19,-42.0,-30.0,-23.0
2021-02-20,-48.0,-33.0,-22.0
2021-02-21,-55.0,-45.0,-26.0
2021-02-22,-38.0,-32.0,-23.0
2021-02-23,-38.0,-27.0,-21.0
2021-02-24,-38.0,-28.0,-20.0
2021-02-25,-37.0,-27.0,-21.0
2021-02-26,-38.0,-27.0,-21.0
2021-02-27,-42.0,-29.0,-18.0
2021-02-28,-43.0,-33.0,-19.0
2021-03-01,-35.0,-30.0,-29.0
2021-03-02,-34.0,-26.0,-20.0
2021-03-03,-33.0,-25.0,-19.0
2021-03-04,-33.0,-25.0,-19.0
2021-03-05,-35.0,-25.0,-19.0
2021-03-06,-39.0,-28.0,-17.0
2021-03-07,-45.0,-37.0,-18.0
2021-03-08,-31.0,-28.0,-21.0
2021-03-09,-32.0,-25.0,-19.0
2021-03-10,-31.0,-24.0,-18.0
2021-03-11,-31.0,-24.0,-18.0
2021-03-12,-33.0,-24.0,-17.0
2021-03-13,-36.0,-25.0,-15.0
2021-03-14,-36.0,-30.0,-15.0
2021-03-15,-28.0,-24.0,-17.0
2021-03-16,-29.0,-23.0,-18.0
2021-03-17,-29.0,-24.0,-17.0
2021-03-18,-27.0,-24.0,-19.0
2021-03-19,-38.0,-40.0,-42.0
2021-03-20,-36.0,-29.0,-17.0
2021-03-21,-36.0,-29.0,-14.0
2021-03-22,-28.0,-24.0,-17.0
2021-03-23,-29.0,-22.0,-17.0
2021-03-24,-28.0,-23.0,-17.0
2021-03-25,-26.0,-20.0,-17.0
2021-03-26,-30.0,-23.0,-20.0
2021-03-27,-33.0,-23.0,-13.0
2021-03-28,-31.0,-24.0,-11.0
2021-03-29,-21.0,-26.0,-31.0
2021-03-30,-21.0,-24.0,-31.0
2021-03-31,-14.0,-22.0,-32.0
2021-04-01,-24.0,-37.0,-62.0
2021-04-02,-47.0,-50.0,-75.0
2021-04-03,-33.0,-28.0,-21.0
2021-04-04,-30.0,-24.0,-12.0
2021-04-05,-28.0,-32.0,-47.0
2021-04-06,-25.0,-22.0,-22.0
2021-04-07,-27.0,-24.0,-21.0
2021-04-08,-26.0,-22.0,-20.0
2021-04-09,-32.0,-26.0,-20.0
2021-04-10,-36.0,-30.0,-14.0
2021-04-11,-37.0,-34.0,-14.0
2021-04-12,-26.0,-23.0,-20.0
2021-04-13,-29.0,-22.0,-16.0
2021-04-14,-29.0,-22.0,-16.0
2021-04-15,-30.0,-23.0,-17.0
2021-04-16,-31.0,-23.0,-15.0
2021-04-17,-33.0,-25.0,-12.0
2021-04-18,-33.0,-26.0,-11.0
2021-04-19,-26.0,-21.0,-15.0
2021-04-20,-28.0,-21.0,-15.0
2021-04-21,-29.0,-24.0,-17.0
2021-04-22,-28.0,-22.0,-15.0
2021-04-23,-28.0,-18.0,-19.0
2021-04-24,-33.0,-24.0,-13.0
2021-04-25,-39.0,-35.0,-14.0
2021-04-26,-26.0,-23.0,-16.0
2021-04-27,-28.0,-22.0,-15.0
2021-04-28,-26.0,-22.0,-15.0
2021-04-29,-24.0,-21.0,-15.0
2021-04-30,-22.0,-19.0,-16.0
2021-05-01,-44.0,-29.0,-34.0
2021-05-02,-13.0,-19.0,-3.0
2021-05-03,-19.0,-26.0,-28.0
2021-05-04,-21.0,-17.0,-17.0
2021-05-05,-22.0,-18.0,-14.0
2021-05-06,-21.0,-17.0,-14.0
2021-05-07,-23.0,-16.0,-13.0
2021-05-08,-27.0,-16.0,-10.0
2021-05-09,-32.0,-28.0,-12.0
2021-05-10,-21.0,-19.0,-16.0
2021-05-11,-20.0,-17.0,-15.0
2021-05-12,-20.0,-16.0,-15.0
2021-05-13,-20.0,-16.0,-16.0
2021-05-14,-20.0,-14.0,-15.0
2021-05-15,-24.0,-15.0,-14.0
2021-05-16,-27.0,-21.0,-10.0
2021-05-17,-19.0,-15.0,-18.0
2021-05-18,-19.0,-15.0,-14.0
2021-05-19,-19.0,-17.0,-13.0
2021-05-20,-16.0,-18.0,-13.0
2021-05-21,-19.0,-16.0,-14.0
2021-05-22,-25.0,-19.0,-9.0
2021-05-23,-31.0,-26.0,-11.0
2021-05-24,-16.0,-20.0,-21.0
2021-05-25,-17.0,-15.0,-14.0
2021-05-26,-17.0,-16.0,-13.0
2021-05-27,-15.0,-15.0,-13.0
2021-05-28,-15.0,-12.0,-12.0
2021-05-29,-20.0,-13.0,-8.0
2021-05-30,-22.0,-18.0,-6.0
2021-05-31,-12.0,-14.0,-15.0
2021-06-01,-14.0,-14.0,-14.0
2021-06-02,-11.0,-12.0,-13.0
2021-06-03,-12.0,-14.0,-17.0
2021-06-04,-13.0,-12.0,-13.0
2021-06-05,-20.0,-15.0,-9.0
2021-06-06,-20.0,-14.0,-5.0
2021-06-07,-9.0,-12.0,-14.0
2021-06-08,-11.0,-11.0,-14.0
2021-06-09,-11.0,-12.0,-16.0
2021-06-10,-9.0,-11.0,-14.0
2021-06-11,-14.0,-11.0,-15.0
2021-06-12,-21.0,-12.0,-9.0
2021-06-13,-23.0,-14.0,-7.0
2021-06-14,-10.0,-12.0,-17.0
2021-06-15,-11.0,-11.0,-16.0
2021-06-16,-11.0,-12.0,-17.0
2021-06-17,-13.0,-15.0,-18.0
2021-06-18,-15.0,-14.0,-18.0
2021-06-19,-23.0,-15.0,-11.0
2021-06-20,-23.0,-18.0,-9.0
2021-06-21,-7.0,-13.0,-21.0
2021-06-22,-8.0,-12.0,-21.0
2021-06-23,-8.0,-12.0,-23.0
2021-06-24,-14.0,-20.0,-41.0
2021-06-25,-12.0,-15.0,-29.0
2021-06-26,-21.0,-12.0,-11.0
2021-06-27,-19.0,-12.0,-7.0
2021-06-28,-5.0,-12.0,-25.0
2021-06-29,-7.0,-12.0,-27.0
2021-06-30,-5.0,-11.0,-24.0
2021-07-01,-4.0,-9.0,-27.0
2021-07-02,-15.0,-14.0,-26.0
2021-07-03,-19.0,-9.0,-10.0
2021-07-04,-15.0,-10.0,-4.0
2021-07-05,-2.0,-9.0,-28.0
2021-07-06,-7.0,-12.0,-28.0
2021-07-07,-4.0,-11.0,-28.0
2021-07-08,-4.0,-10.0,-28.0
2021-07-09,-13.0,-12.0,-27.0
2021-07-10,-22.0,-12.0,-10.0
2021-07-11,-22.0,-14.0,-6.0
2021-07-12,-4.0,-12.0,-30.0
2021-07-13,-5.0,-11.0,-29.0
2021-07-14,-3.0,-11.0,-28.0
2021-07-15,-4.0,-11.0,-28.0
2021-07-16,-13.0,-14.0,-29.0
2021-07-17,-23.0,-12.0,-9.0
2021-07-18,-20.0,-12.0,-2.0
2021-07-19,-2.0,-11.0,-30.0
2021-07-20,-5.0,-12.0,-30.0
2021-07-21,-5.0,-14.0,-29.0
2021-07-22,-6.0,-14.0,-29.0
2021-07-23,-15.0,-16.0,-28.0
2021-07-24,-23.0,-14.0,-7.0
2021-07-25,-18.0,-13.0,1.0
2021-07-26,0.0,-13.0,-31.0
2021-07-27,-4.0,-13.0,-30.0
2021-07-28,-4.0,-14.0,-30.0
2021-07-29,-3.0,-14.0,-29.0
2021-07-30,-12.0,-16.0,-29.0
2021-07-31,-21.0,-14.0,-7.0
2021-08-01,-13.0,-10.0,2.0
2021-08-02,4.0,-13.0,-38.0
2021-08-03,-1.0,-15.0,-38.0
2021-08-04,0.0,-18.0,-38.0
2021-08-05,-2.0,-17.0,-38.0
2021-08-06,-12.0,-19.0,-37.0
2021-08-07,-21.0,-14.0,-10.0
2021-08-08,-13.0,-11.0,2.0
2021-08-09,4.0,-16.0,-42.0
2021-08-10,1.0,-17.0,-42.0
2021-08-11,-1.0,-19.0,-42.0
2021-08-12,-3.0,-20.0,-42.0
2021-08-13,-15.0,-22.0,-41.0
2021-08-14,-25.0,-16.0,-10.0
2021-08-15,-15.0,-13.0,3.0
2021-08-16,-5.0,-21.0,-55.0
2021-08-17,0.0,-17.0,-45.0
2021-08-18,-2.0,-19.0,-42.0
2021-08-19,-4.0,-21.0,-43.0
2021-08-20,-15.0,-22.0,-41.0
2021-08-21,-23.0,-14.0,-8.0
2021-08-22,-16.0,-12.0,9.0
2021-08-23,0.0,-17.0,-39.0
2021-08-24,-4.0,-18.0,-39.0
2021-08-25,-2.0,-18.0,-38.0
2021-08-26,-3.0,-17.0,-37.0
2021-08-27,-14.0,-20.0,-36.0
2021-08-28,-22.0,-12.0,-4.0
2021-08-29,-15.0,-9.0,12.0
2021-08-30,0.0,-13.0,-33.0
2021-08-31,-2.0,-11.0,-31.0
2021-09-01,-5.0,-12.0,-28.0
2021-09-02,-2.0,-10.0,-27.0
2021-09-03,-9.0,-10.0,-25.0
2021-09-04,-15.0,-3.0,-1.0
2021-09-05,-11.0,-2.0,12.0
2021-09-06,2.0,-5.0,-27.0
2021-09-07,1.0,-5.0,-26.0
2021-09-08,-2.0,-7.0,-31.0
2021-09-09,-2.0,-5.0,-26.0
2021-09-10,-7.0,-5.0,-24.0
2021-09-11,-17.0,-2.0,-5.0
2021-09-12,-12.0,-2.0,11.0
2021-09-13,0.0,-1.0,-26.0
2021-09-14,-6.0,-4.0,-27.0
2021-09-15,-5.0,-2.0,-25.0
2021-09-16,-6.0,-2.0,-25.0
2021-09-17,-9.0,-2.0,-24.0
2021-09-18,-15.0,-4.0,-4.0
2021-09-19,-13.0,-3.0,6.0
2021-09-20,-6.0,-4.0,-24.0
2021-09-21,-8.0,-4.0,-23.0
2021-09-22,-8.0,-4.0,-19.0
2021-09-23,-8.0,-3.0,-20.0
2021-09-24,-11.0,-6.0,-23.0
2021-09-25,-16.0,-3.0,-4.0
2021-09-26,-13.0,-1.0,7.0
2021-09-27,-5.0,-2.0,-18.0
2021-09-28,-8.0,-1.0,-18.0
2021-09-29,-8.0,-5.0,-19.0
2021-09-30,-6.0,-2.0,-17.0
2021-10-01,-10.0,-3.0,-17.0
2021-10-02,-15.0,-2.0,-5.0
2021-10-03,-20.0,-12.0,0.0
2021-10-04,-7.0,-4.0,-18.0
2021-10-05,-9.0,-4.0,-18.0
2021-10-06,-8.0,-4.0,-16.0
2021-10-07,-7.0,-3.0,-16.0
2021-10-08,-10.0,-2.0,-16.0
2021-10-09,-16.0,-2.0,-10.0
2021-10-10,-9.0,-6.0,-2.0
2021-10-11,12.0,-10.0,-41.0
2021-10-12,-22.0,-28.0,-74.0
2021-10-13,-11.0,-4.0,-16.0
2021-10-14,-10.0,-4.0,-15.0
2021-10-15,-11.0,-4.0,-14.0
2021-10-16,-16.0,-4.0,-6.0
2021-10-17,-17.0,-6.0,-2.0
2021-10-18,-8.0,-3.0,-16.0
2021-10-19,-10.0,-3.0,-15.0
2021-10-20,-11.0,-5.0,-14.0
2021-10-21,-10.0,-4.0,-14.0
2021-10-22,-13.0,-5.0,-14.0
2021-10-23,-15.0,-2.0,-7.0
2021-10-24,-15.0,-4.0,-3.0
2021-10-25,-8.0,-4.0,-15.0
2021-10-26,-9.0,-3.0,-14.0
2021-10-27,-9.0,-4.0,-14.0
2021-10-28,-7.0,-3.0,-14.0
2021-10-29,-13.0,-4.0,-14.0
2021-10-30,-17.0,-7.0,-10.0
2021-10-31,-2.0,-4.0,-4.0
2021-11-01,-17.0,-30.0,-76.0
2021-11-02,-12.0,-4.0,-15.0
2021-11-03,-12.0,-7.0,-14.0
2021-11-04,-10.0,-6.0,-13.0
2021-11-05,-12.0,-6.0,-13.0
2021-11-06,-15.0,-5.0,-9.0
2021-11-07,-16.0,-8.0,-8.0
2021-11-08,-6.0,-7.0,-15.0
2021-11-09,-9.0,-12.0,-21.0
2021-11-10,-12.0,-7.0,-13.0
2021-11-11,-11.0,-6.0,-14.0
2021-11-12,-12.0,-5.0,-13.0
2021-11-13,-14.0,-3.0,-10.0
2021-11-14,-16.0,-7.0,-9.0
2021-11-15,-10.0,-6.0,-14.0
2021-11-16,-12.0,-7.0,-14.0
2021-11-17,-11.0,-7.0,-13.0
2021-11-18,-11.0,-6.0,-14.0
2021-11-19,-13.0,-5.0,-14.0
2021-11-20,-19.0,-8.0,-11.0
2021-11-21,-20.0,-10.0,-11.0
2021-11-22,-13.0,-9.0,-14.0
2021-11-23,-16.0,-10.0,-14.0
2021-11-24,-14.0,-10.0,-13.0
2021-11-25,-11.0,-7.0,-14.0
2021-11-26,-9.0,-5.0,-13.0
2021-11-27,-18.0,-7.0,-11.0
2021-11-28,-16.0,-13.0,-9.0
2021-11-29,-9.0,-7.0,-14.0
2021-11-30,-10.0,-5.0,-13.0
2021-12-01,-11.0,-7.0,-13.0
2021-12-02,-10.0,-6.0,-13.0
2021-12-03,-12.0,-3.0,-14.0
2021-12-04,-16.0,-2.0,-12.0
2021-12-05,-2.0,-6.0,-12.0
2021-12-06,-11.0,-29.0,-76.0
2021-12-07,5.0,-15.0,-47.0
2021-12-08,-27.0,-36.0,-74.0
2021-12-09,-11.0,-10.0,-15.0
2021-12-10,-14.0,-11.0,-14.0
2021-12-11,-16.0,-3.0,-5.0
2021-12-12,-11.0,-6.0,-3.0
2021-12-13,-7.0,-6.0,-12.0
2021-12-14,-9.0,-6.0,-12.0
2021-12-15,-9.0,-7.0,-12.0
2021-12-16,-7.0,-7.0,-13.0
2021-12-17,-11.0,-8.0,-13.0
2021-12-18,-16.0,-3.0,-5.0
2021-12-19,-8.0,-8.0,-2.0
2021-12-20,-3.0,-8.0,-16.0
2021-12-21,-3.0,-7.0,-18.0
2021-12-22,-2.0,-10.0,-22.0
2021-12-23,0.0,-12.0,-32.0
2021-12-24,-28.0,-35.0,-55.0
2021-12-25,-66.0,-47.0,-57.0
2021-12-26,-21.0,-22.0,-14.0
2021-12-27,0.0,-19.0,-43.0
2021-12-28,-3.0,-18.0,-43.0
2021-12-29,-2.0,-19.0,-43.0
2021-12-30,0.0,-18.0,-44.0
2021-12-31,-28.0,-36.0,-57.0
2022-01-01,-63.0,-41.0,-57.0
2022-01-02,-7.0,-13.0,-8.0
2022-01-03,3.0,-18.0,-39.0
2022-01-04,-1.0,-20.0,-39.0
2022-01-05,6.0,-16.0,-41.0
2022-01-06,-43.0,-48.0,-79.0
2022-01-07,-20.0,-30.0,-46.0
2022-01-08,-28.0,-22.0,-15.0
2022-01-09,-28.0,-24.0,-11.0
2022-01-10,-16.0,-18.0,-21.0
2022-01-11,-19.0,-18.0,-21.0
2022-01-12,-21.0,-21.0,-20.0
2022-01-13,-21.0,-21.0,-21.0
2022-01-14,-24.0,-21.0,-19.0
2022-01-15,-27.0,-22.0,-13.0
2022-01-16,-30.0,-25.0,-14.0
2022-01-17,-18.0,-19.0,-20.0
2022-01-18,-20.0,-19.0,-20.0
2022-01-19,-19.0,-20.0,-19.0
2022-01-20,-20.0,-20.0,-21.0
2022-01-21,-22.0,-20.0,-19.0
2022-01-22,-26.0,-20.0,-13.0
2022-01-23,-28.0,-23.0,-14.0
2022-01-24,-17.0,-18.0,-19.0
2022-01-25,-18.0,-17.0,-19.0
2022-01-26,-18.0,-18.0,-18.0
2022-01-27,-17.0,-16.0,-18.0
2022-01-28,-18.0,-16.0,-17.0
2022-01-29,-21.0,-14.0,-10.0
2022-01-30,-22.0,-16.0,-10.0
2022-01-31,-14.0,-15.0,-17.0
2022-02-01,-15.0,-12.0,-15.0
2022-02-02,-13.0,-13.0,-16.0
2022-02-03,-12.0,-11.0,-14.0
2022-02-04,-16.0,-12.0,-13.0
2022-02-05,-18.0,-12.0,-9.0
2022-02-06,-18.0,-11.0,-9.0
2022-02-07,-11.0,-9.0,-14.0
2022-02-08,-13.0,-9.0,-14.0
2022-02-09,-13.0,-10.0,-13.0
2022-02-10,-12.0,-8.0,-13.0
2022-02-11,-14.0,-9.0,-12.0
2022-02-12,-17.0,-8.0,-9.0
2022-02-13,-18.0,-11.0,-8.0
2022-02-14,-6.0,-8.0,-13.0
2022-02-15,-14.0,-8.0,-12.0
2022-02-16,-13.0,-8.0,-12.0
2022-02-17,-12.0,-6.0,-11.0
2022-02-18,-15.0,-8.0,-11.0
2022-02-19,-20.0,-12.0,-9.0
2022-02-20,-17.0,-7.0,-7.0
2022-02-21,-12.0,-7.0,-12.0
2022-02-22,-13.0,-6.0,-11.0
2022-02-23,-13.0,-8.0,-11.0
2022-02-24,-13.0,-7.0,-11.0
2022-02-25,-17.0,-11.0,-15.0
2022-02-26,-19.0,-8.0,-9.0
2022-02-27,-12.0,-4.0,-6.0
2022-02-28,-11.0,-10.0,-30.0
2022-03-01,-16.0,-8.0,-20.0
2022-03-02,-16.0,-9.0,-12.0
2022-03-03,-18.0,-11.0,-12.0
2022-03-04,-18.0,-12.0,-11.0
2022-03-05,-19.0,-9.0,-7.0
2022-03-06,-22.0,-15.0,-8.0
2022-03-07,-18.0,-12.0,-12.0
2022-03-08,-18.0,-10.0,-11.0
2022-03-09,-17.0,-12.0,-10.0
2022-03-10,-18.0,-12.0,-9.0
2022-03-11,-23.0,-15.0,-10.0
2022-03-12,-23.0,-13.0,-7.0
2022-03-13,-23.0,-12.0,-6.0
2022-03-14,-25.0,-17.0,-11.0
2022-03-15,-23.0,-14.0,-11.0
2022-03-16,-22.0,-15.0,-11.0
2022-03-17,-20.0,-15.0,-12.0
2022-03-18,-19.0,-12.0,-13.0
2022-03-19,-21.0,-10.0,-11.0
2022-03-20,-25.0,-13.0,-8.0
2022-03-21,-23.0,-15.0,-11.0
2022-03-22,-23.0,-15.0,-10.0
2022-03-23,-23.0,-17.0,-11.0
2022-03-24,-22.0,-16.0,-11.0
2022-03-25,-22.0,-15.0,-11.0
2022-03-26,-24.0,-15.0,-9.0
2022-03-27,-23.0,-12.0,-8.0
2022-03-28,-19.0,-11.0,-10.0
2022-03-29,-21.0,-11.0,-10.0
2022-03-30,-21.0,-14.0,-9.0
2022-03-31,-18.0,-12.0,-9.0
2022-04-01,-18.0,-12.0,-9.0
2022-04-02,-20.0,-10.0,-8.0
2022-04-03,-22.0,-14.0,-8.0
2022-04-04,-20.0,-12.0,-10.0
2022-04-05,-21.0,-11.0,-10.0
2022-04-06,-15.0,-10.0,-9.0
2022-04-07,-12.0,-7.0,-10.0
2022-04-08,-15.0,-8.0,-12.0
2022-04-09,-17.0,-5.0,-6.0
2022-04-10,-11.0,-3.0,-2.0
2022-04-11,-6.0,-10.0,-25.0
2022-04-12,-9.0,-14.0,-26.0
2022-04-13,-2.0,-11.0,-29.0
2022-04-14,-6.0,-22.0,-66.0
2022-04-15,-29.0,-33.0,-76.0
2022-04-16,-22.0,-13.0,-19.0
2022-04-17,-14.0,-6.0,-7.0
2022-04-18,-18.0,-18.0,-44.0
2022-04-19,-18.0,-8.0,-16.0
2022-04-20,-20.0,-13.0,-14.0
2022-04-21,-15.0,-9.0,-13.0
2022-04-22,-20.0,-11.0,-13.0
2022-04-23,-22.0,-9.0,-8.0
2022-04-24,-17.0,-3.0,-2.0
2022-04-25,-12.0,-4.0,-14.0
2022-04-26,-15.0,-3.0,-8.0
2022-04-27,-15.0,-6.0,-9.0
2022-04-28,-13.0,-6.0,-10.0
2022-04-29,-11.0,-4.0,-9.0
2022-04-30,-14.0,0.0,-4.0
2022-05-01,-6.0,3.0,-1.0
2022-05-02,-15.0,-18.0,-40.0
2022-05-03,-16.0,-4.0,-11.0
2022-05-04,-14.0,-6.0,-10.0
2022-05-05,-10.0,-3.0,-9.0
2022-05-06,-12.0,-4.0,-9.0
2022-05-07,-16.0,0.0,-4.0
2022-05-08,-15.0,-2.0,-1.0
2022-05-09,-12.0,-3.0,-10.0
2022-05-10,-12.0,-2.0,-9.0
2022-05-11,-12.0,-5.0,-9.0
2022-05-12,-11.0,-4.0,-9.0
2022-05-13,-13.0,-5.0,-10.0
2022-05-14,-19.0,-3.0,-5.0
2022-05-15,-17.0,-2.0,-2.0
2022-05-16,-9.0,-11.0,-20.0
2022-05-17,-15.0,-4.0,-13.0
2022-05-18,-12.0,-4.0,-9.0
2022-05-19,-11.0,-3.0,-9.0
2022-05-20,-14.0,-5.0,-10.0
2022-05-21,-19.0,-3.0,-4.0
2022-05-22,-20.0,-5.0,-2.0
2022-05-23,-12.0,-4.0,-10.0
2022-05-24,-15.0,-4.0,-9.0
2022-05-25,-11.0,-4.0,-9.0
2022-05-26,-8.0,-3.0,-10.0
2022-05-27,-11.0,-4.0,-10.0
2022-05-28,-20.0,-1.0,-4.0
2022-05-29,-17.0,-1.0,-1.0
2022-05-30,-11.0,-4.0,-13.0
2022-05-31,-11.0,-1.0,-11.0
2022-06-01,-10.0,-2.0,-10.0
2022-06-02,-9.0,-2.0,-10.0
2022-06-03,-12.0,-4.0,-11.0
2022-06-04,-16.0,0.0,-4.0
2022-06-05,-15.0,-1.0,-1.0
2022-06-06,-10.0,-7.0,-23.0
2022-06-07,-10.0,-1.0,-11.0
2022-06-08,-10.0,-3.0,-11.0
2022-06-09,-8.0,-2.0,-13.0
2022-06-10,-11.0,-3.0,-11.0
2022-06-11,-18.0,-1.0,-4.0
2022-06-12,-19.0,-4.0,-1.0
2022-06-13,-9.0,-2.0,-12.0
2022-06-14,-11.0,-2.0,-11.0
2022-06-15,-9.0,-2.0,-12.0
2022-06-16,-9.0,-4.0,-16.0
2022-06-17,-13.0,-5.0,-14.0
2022-06-18,-20.0,-1.0,-4.0
2022-06-19,-17.0,-1.0,3.0
2022-06-20,-7.0,-2.0,-14.0
2022-06-21,-8.0,-1.0,-13.0
2022-06-22,-7.0,-2.0,-14.0
2022-06-23,-3.0,1.0,-17.0
2022-06-24,-20.0,-13.0,-39.0
2022-06-25,-19.0,-3.0,-6.0
2022-06-26,-15.0,-2.0,3.0
2022-06-27,-6.0,-3.0,-18.0
2022-06-28,-6.0,-1.0,-18.0
2022-06-29,-6.0,-4.0,-20.0
2022-06-30,-4.0,-3.0,-19.0
2022-07-01,-11.0,-5.0,-21.0
2022-07-02,-18.0,-1.0,-6.0
2022-07-03,-15.0,-2.0,-1.0
2022-07-04,-4.0,-4.0,-24.0
2022-07-05,-7.0,-2.0,-22.0
2022-07-06,-6.0,-4.0,-22.0
2022-07-07,-6.0,-3.0,-22.0
2022-07-08,-13.0,-6.0,-23.0
2022-07-09,-20.0,0.0,-7.0
2022-07-10,-18.0,-2.0,-1.0
2022-07-11,-5.0,-4.0,-24.0
2022-07-12,-7.0,-4.0,-23.0
2022-07-13,-6.0,-6.0,-23.0
2022-07-14,-7.0,-6.0,-23.0
2022-07-15,-16.0,-11.0,-23.0
2022-07-16,-21.0,-5.0,-6.0
2022-07-17,-19.0,-6.0,1.0
2022-07-18,-6.0,-6.0,-25.0
2022-07-19,-6.0,-5.0,-24.0
2022-07-20,-5.0,-7.0,-23.0
2022-07-21,-6.0,-7.0,-23.0
2022-07-22,-14.0,-11.0,-23.0
2022-07-23,-21.0,-7.0,-4.0
2022-07-24,-18.0,-9.0,1.0
2022-07-25,-6.0,-17.0,-39.0
2022-07-26,-4.0,-5.0,-25.0
2022-07-27,-2.0,-8.0,-24.0
2022-07-28,-2.0,-8.0,-25.0
2022-07-29,-10.0,-10.0,-24.0
2022-07-30,-18.0,-5.0,-3.0
2022-07-31,-13.0,-4.0,6.0
2022-08-01,1.0,-8.0,-33.0
2022-08-02,-2.0,-10.0,-33.0
2022-08-03,-1.0,-12.0,-33.0
2022-08-04,-2.0,-12.0,-33.0
2022-08-05,-12.0,-16.0,-33.0
2022-08-06,-20.0,-8.0,-8.0
2022-08-07,-14.0,-6.0,3.0
2022-08-08,2.0,-11.0,-39.0
2022-08-09,-2.0,-12.0,-38.0
2022-08-10,-2.0,-15.0,-38.0
2022-08-11,-3.0,-15.0,-38.0
2022-08-12,-14.0,-18.0,-37.0
2022-08-13,-23.0,-10.0,-9.0
2022-08-14,-8.0,-5.0,6.0
2022-08-15,-12.0,-26.0,-72.0
2022-08-16,-2.0,-12.0,-43.0
2022-08-17,-3.0,-16.0,-41.0
2022-08-18,-4.0,-16.0,-41.0
2022-08-19,-15.0,-17.0,-40.0
