date,forecast_train_2022,ci_lower_2022,ci_upper_2022,forecast_train_2024,ci_lower_2024,ci_upper_2024
2025-01-01,38878.906828775784,29482.45278491034,48027.87764672868,3465.771121978252,0.0,11563.126039665596
2025-01-02,38981.59531398728,29709.692516636343,48421.45067980724,3396.7207914432306,0.0,12523.436815940866
2025-01-03,39080.17798291893,30367.061642810604,47864.53718297767,3327.316993205974,0.0,11652.720469223063
2025-01-04,39174.640499373374,29664.31440440759,48449.70241459738,3258.39429417952,0.0,11311.443260702381
2025-01-05,39343.5826358988,30434.61216593641,48680.8776524147,3190.5381172367993,0.0,11158.18436435735
2025-01-06,39431.74462977025,31088.195780411545,47988.73042654862,3124.8612656466066,0.0,11480.51416607912
2025-01-07,39512.963769668975,30152.568031554147,48480.9746368482,3061.492481977193,0.0,11463.95259032657
2025-01-08,39538.76933653764,30683.28108996204,47949.11049204301,2981.283423058049,0.0,11490.086902262066
2025-01-09,39606.82248554807,30307.76851966036,48316.48221733183,2925.345330818015,0.0,11583.318959612538
2025-01-10,39665.090925996694,30704.133629200256,48673.01087598843,2872.416202566578,0.0,11076.567496454894
2025-01-11,39714.29029041115,29809.548351070942,48625.938105565,2822.9170994792257,0.0,11062.664784601755
2025-01-12,39833.836310008075,31020.78240834988,48992.769477830756,2776.968519762979,0.0,11347.90006070434
2025-01-13,39869.3500857327,30946.39334529096,48350.83182814177,2735.175937501524,0.0,10698.212666050646
2025-01-14,39895.59224486686,30485.73307910478,49496.69136592964,2697.1283270584586,0.0,11178.238855905463
2025-01-15,39865.03470947944,30244.80573189734,48207.486313735564,2643.115842160586,0.0,10399.795830101117
2025-01-16,39876.27728185612,30932.991772823738,49331.59688389492,2613.677697947117,0.0,11588.094992002687
2025-01-17,39878.19952032477,30394.712243467675,49278.87116781883,2586.980814312578,0.0,10544.136412525657
2025-01-18,39872.38039489648,30603.79554344475,48814.38506426088,2562.887606103662,0.0,11087.911252864422
2025-01-19,39939.03040324568,30475.262602133582,48711.0569384982,2540.9835914745067,0.0,11247.394184032219
2025-01-20,39924.47894964509,30684.8363309007,49147.58848594783,2521.3736683568927,0.0,11354.358287624418
2025-01-21,39904.09322647381,30331.024238612838,48813.082992792064,2503.190638049007,0.0,10817.356370227688
2025-01-22,39830.83769849992,30492.91974381107,48548.677980314475,2466.3219201770835,0.0,10801.359819171128
2025-01-23,39803.68168357531,31407.015870843832,48236.247989900134,2450.9653039341197,0.0,10801.818591281037
2025-01-24,39771.74569890116,30397.60214328201,49038.56941701364,2435.0141170173365,0.0,11271.605482291663
2025-01-25,39736.7191605993,30467.411751787353,48415.178029946524,2418.1300517532327,0.0,10360.327072180857
2025-01-26,39778.794116063786,30122.951841576523,49082.673361721085,2399.7742081010438,0.0,11696.676880913743
2025-01-27,39744.1577121682,31662.66207550167,48110.037648566395,2380.0051291249893,0.0,11003.104566836368
2025-01-28,39707.91944452115,30707.36269416638,48635.43109160376,2357.987372694656,0.0,11092.75539720817
2025-01-29,39622.68200491938,30541.061675249905,47989.90125547793,2313.7165684695747,0.0,10515.283501846452
2025-01-30,39586.96285764988,30386.034433126886,49286.553148284605,2287.5718498450788,0.0,10716.839381958067
2025-01-31,39549.35678177165,30321.629524716216,49234.548198618606,2257.696125968197,0.0,11750.16134259229
2025-02-01,39510.97147877252,31100.84753844171,49045.70324733249,2224.0625538881322,0.0,10600.748608005335
2025-02-02,39551.380394691376,30767.665861310932,48288.1537284243,2186.497925052864,0.0,11230.102007597052
2025-02-03,39516.13490265157,30494.820163400946,47595.46509847935,2145.4719264240125,0.0,11280.525807138536
2025-02-04,39479.7113231014,30332.646219909635,48145.23713380775,2100.596030271415,0.0,10638.527868603162
2025-02-05,39394.10103638225,29679.03380446249,48208.915075176184,2032.33819245679,0.0,10767.692771443839
2025-02-06,39357.250276991464,30028.56297324348,47614.210490847385,1981.5644944097542,0.0,10642.341280364188
2025-02-07,39317.23934175193,30697.65202237899,48608.37184993183,1926.9084481654506,0.0,10312.023309751521
2025-02-08,39274.73285673784,30503.65410776306,47747.47018926477,1868.8265812792542,0.0,10741.6469411901
2025-02-09,39308.94486029122,29742.299871854415,48133.0153814913,1807.6112687764978,0.0,10516.06918703674
2025-02-10,39265.16052967177,30657.592723150792,48133.91290720346,1744.170015374443,0.0,9356.610962410969
2025-02-11,39217.689791943296,30163.998279262796,47897.51885691172,1678.5151691046874,0.0,9826.232701349752
2025-02-12,39118.46092470619,30969.780583308988,48243.38918709284,1591.4704518286921,0.0,10570.04398388647
2025-02-13,39065.46067811729,30026.16214172734,48233.027121788655,1524.2056212174093,0.0,10115.988703643956
2025-02-14,39006.91068433584,30102.661440582397,47472.3754415474,1455.6001323659837,0.0,9804.083972507835
2025-02-15,38943.711923148156,30370.96822814206,48005.711511499445,1386.2945306464405,0.0,9538.712189514938
2025-02-16,38955.4012105408,29766.80970321768,47851.272917807924,1316.7006211440344,0.0,9300.599646794677
2025-02-17,38887.661825871706,30054.243864455093,48730.12302533145,1247.779657870683,0.0,9953.160588245784
2025-02-18,38815.26387592322,29757.923957263785,48272.99536380543,1179.5325349435661,0.0,9376.452994234845
2025-02-19,38690.64291771966,29581.6610000207,47502.75311063636,1092.7083277195668,0.0,9448.560415801925
2025-02-20,38612.32383378483,29638.11941929185,48011.16275743655,1028.3424237043737,0.0,9080.452231423558
2025-02-21,38529.08022034397,29770.194449764862,48013.43766841325,965.1250016439567,0.0,9863.03138982189
2025-02-22,38442.361569078064,29242.231649784055,47328.9421659888,903.4584487593571,0.0,9254.924701585256
2025-02-23,38432.23272351077,29107.493271255553,46796.97765567513,843.474591866818,0.0,9478.217851942954
2025-02-24,38344.868227426094,29918.604481175964,47444.76808742212,785.8207925859285,0.0,10157.856122961159
2025-02-25,38255.47763835187,29683.667110364924,47172.41014175232,730.1586776400741,0.0,9457.066737108731
2025-02-26,38116.87076208441,28481.492606982658,46340.218731049594,656.8816284019924,0.0,8826.414791248751
2025-02-27,38027.87018311119,28596.056642537646,46246.80705997852,606.6620388926472,0.0,8516.990673658802
2025-02-28,37937.46166901594,28962.310393734115,46338.75363532385,557.8288692122035,0.0,8841.517825806239
2025-03-01,37847.21497474725,28342.744260675972,47063.51915635979,510.4338580583573,0.0,8885.462880444908
2025-03-02,37837.21969423832,28918.587079156503,47320.81245124796,464.2770546227177,0.0,9402.25225455229
2025-03-03,37753.578860147834,29210.06266551704,46553.947028728595,419.70052087970237,0.0,8495.100915662877
2025-03-04,37671.33636333605,29031.41764222604,46754.56717166289,376.09379724557357,0.0,9258.516074880274
2025-03-05,37543.04706264892,29438.04060330324,46575.8261237745,313.61710323423006,0.0,8500.701180608148
2025-03-06,37467.19679363297,28150.049939926765,46394.495748814705,272.7531588463005,0.0,8255.82078295181
2025-03-07,37392.36261283073,27997.080012219423,46974.843689573085,231.68806209133106,0.0,8681.37229156539
2025-03-08,37319.64549457293,28167.029957379134,45683.975130702966,190.37952849756965,0.0,8672.579378063236
2025-03-09,37328.61976092375,28425.187190958855,46546.62555325934,148.58312991028902,0.0,8334.455244952826
2025-03-10,37264.84153212368,28057.68098979594,46281.65303696921,106.64539548608383,0.0,8237.754354485936
2025-03-11,37202.79182166035,27683.8982351894,46042.57744908686,64.00741379528739,0.0,8077.931193338914
2025-03-12,37094.46267847334,27967.700992824466,45395.90036593346,0.9249859024273803,0.0,8533.603864209714
2025-03-13,37037.793110216124,28052.127510582537,46151.62646044752,0.0,0.0,8715.809534221104
2025-03-14,36980.84465694825,27320.992725712735,46091.98416889976,0.0,0.0,8596.599215641418
2025-03-15,36924.2483860506,27712.97313286339,46340.261338928765,0.0,0.0,7705.605302344563
2025-03-16,36947.16717705026,27584.184442561676,45862.37558884342,0.0,0.0,8649.497799205723
2025-03-17,36894.815217772426,28260.156701785345,45962.270451025375,0.0,0.0,8421.09458560029
2025-03-18,36841.410026548954,28518.141041577725,45555.41349816671,0.0,0.0,7951.26770227629
2025-03-19,36738.76515876127,27192.491385442587,45690.88734137168,0.0,0.0,7956.039782436481
2025-03-20,36684.730159360275,27940.755430866393,45830.19216913686,0.0,0.0,7931.033840187723
2025-03-21,36627.36753489249,26791.07534216695,45691.49875420121,0.0,0.0,7696.003878002995
2025-03-22,36567.398498684546,27435.78427294795,45217.13924120723,0.0,0.0,7924.814614506546
2025-03-23,36584.161419300915,27814.481047741032,45044.70787986831,0.0,0.0,8391.598345378998
2025-03-24,36523.12503128329,27374.937984503416,45224.858516194516,0.0,0.0,7922.749082578478
2025-03-25,36458.83193193967,28190.663398549063,45818.65062859947,0.0,0.0,7774.360280702279
2025-03-26,36343.4807961998,27166.309490121046,45321.22720598796,0.0,0.0,7881.224796180513
2025-03-27,36275.354200967704,27264.65811220601,44696.79685738894,0.0,0.0,7620.876423814003
2025-03-28,36202.98220808711,27451.157836816117,45329.37189545729,0.0,0.0,7595.150809337254
2025-03-29,36127.57386941189,27118.97518507094,44105.616242860524,0.0,0.0,8254.733523821555
2025-03-30,36128.9610157157,26302.212889403192,45265.37401156837,0.0,0.0,7458.6269397571305
2025-03-31,36053.096828799054,26702.848326307223,44909.10009288469,0.0,0.0,7508.022292591425
2025-04-01,35974.98515641939,26844.98588140899,44221.21515405461,0.0,0.0,7574.369287824761
2025-04-02,35847.249420449894,27428.96792556201,44471.830601963426,0.0,0.0,8059.834214018075
2025-04-03,35768.548398220744,26530.941899415455,44607.53088780793,0.0,0.0,7087.425225759037
2025-04-04,35687.729373418224,26694.739801739335,44709.77260457667,0.0,0.0,6963.7575564441595
2025-04-05,35606.25111593241,26976.96339386487,44598.19740233563,0.0,0.0,7721.231866221657
2025-04-06,35604.121288428774,26714.576665225057,43883.93007124939,0.0,0.0,7260.083282621342
2025-04-07,35527.39094855328,26274.271550562746,44411.22254043599,0.0,0.0,7039.9870544546
2025-04-08,35451.08220484148,26512.2578923217,44209.552849315805,0.0,0.0,7406.495144973332
2025-04-09,35327.75790163949,25841.73324896245,43990.897312657195,0.0,0.0,7080.581573228484
2025-04-10,35255.94056413487,25965.386305166692,43935.040550541045,0.0,0.0,7645.034316458304
2025-04-11,35184.2709792577,26030.22994231421,44261.623074949166,0.0,0.0,6626.3136237565
2025-04-12,35113.938683611144,25995.612883608548,44163.138680109,0.0,0.0,6927.913914091165
2025-04-13,35124.62870653447,26253.395666207176,44149.45583639002,0.0,0.0,7213.882843763975
2025-04-14,35062.02693404704,25780.213892992935,44175.78245437216,0.0,0.0,7252.092356872954
2025-04-15,35000.759804653884,25821.313576391203,43268.821733506295,0.0,0.0,7902.970764130383
2025-04-16,34892.97683210302,26177.472359776923,43308.340146331284,0.0,0.0,7125.500249343717
2025-04-17,34836.78278459864,26409.967273968603,43990.07474127041,0.0,0.0,7026.981689137838
2025-04-18,34780.40948560613,25706.60673884556,43321.112475306225,0.0,0.0,6930.6746209091225
2025-04-19,34724.65910025874,25938.645650827606,44126.86955755994,0.0,0.0,7144.231301253921
2025-04-20,34748.86286421441,25559.479670174183,43633.12016585387,0.0,0.0,7207.459075846809
2025-04-21,34698.39725711591,25502.214334690103,43701.57450822622,0.0,0.0,6945.400666523482
2025-04-22,34647.63300666892,25958.450414606512,43894.41732817137,0.0,0.0,6780.968960487151
2025-04-23,34548.525141756596,25103.381939702893,44254.373355874435,0.0,0.0,6760.654377782807
2025-04-24,34499.05070393134,26171.63997025315,43901.823342602576,0.0,0.0,6856.558809212633
2025-04-25,34447.38392515841,24924.7638222317,44013.182188574865,0.0,0.0,6316.890166511504
2025-04-26,34394.340646006654,25516.376451574095,43523.71836992734,0.0,0.0,6568.029366020526
2025-04-27,34419.3359111178,25812.687843434967,43111.01952245481,0.0,0.0,7128.508214254262
2025-04-28,34367.89679423724,25212.94942703277,43688.30335683981,0.0,0.0,6494.26239375321
2025-04-29,34314.60595719255,25542.723183902683,43137.03361108265,0.0,0.0,6543.247000744423
2025-04-30,34211.68434396859,25660.636453699623,42970.77468800349,0.0,0.0,6205.2359401491985
2025-05-01,34157.41986039391,24594.486123358965,43623.33975167782,0.0,0.0,6132.522531052319
2025-05-02,34100.332139336366,24756.693473810417,43338.93538613152,0.0,0.0,5973.5861863585005
2025-05-03,34041.60549927648,24111.331144221844,42558.02487409057,0.0,0.0,6357.170015028125
2025-05-04,34061.03439803607,25191.06551128053,42814.116461690006,0.0,0.0,5823.083253027075
2025-05-05,34004.52381882077,25630.9664274634,43619.53200530216,0.0,0.0,5972.00455029846
2025-05-06,33947.020485856556,24794.652027961303,43275.823443962945,0.0,0.0,6316.425497877005
2025-05-07,33841.083699575654,24723.594218284732,42970.58681900335,0.0,0.0,5978.180292447082
2025-05-08,33785.303014599245,24801.762229668173,43572.120735861325,0.0,0.0,5268.342025364735
2025-05-09,33728.453205634825,24808.571539509285,42451.646976921824,0.0,0.0,5873.468535099517
2025-05-10,33671.91893627459,24792.866598852353,42456.77799540201,0.0,0.0,5346.397320338213
2025-05-11,33695.63369207896,24127.683314306018,41837.76097059225,0.0,0.0,6285.990196773914
2025-05-12,33645.57561927855,25768.14322572923,42225.51111503219,0.0,0.0,6311.185435019811
2025-05-13,33596.69630887494,24090.809944978962,42732.39321962125,0.0,0.0,6255.188893861988
2025-05-14,33501.491392596916,24113.3446135589,42677.02690887224,0.0,0.0,5882.167902029174
2025-05-15,33458.42018215094,24500.559213591245,42300.49719129736,0.0,0.0,5715.134391596631
2025-05-16,33416.06473653909,24510.22251809079,42318.35465562533,0.0,0.0,5776.76487909061
2025-05-17,33375.56064543395,24888.615816435282,42108.34931197431,0.0,0.0,5515.890347115319
2025-05-18,33416.54390025148,24398.94560620377,42847.71556624853,0.0,0.0,5328.545805019049
2025-05-19,33384.656247600826,24699.09122895506,42656.12491612934,0.0,0.0,5681.080937368807
2025-05-20,33354.48476889002,24509.319640909613,42957.18248759067,0.0,0.0,5665.745925823589
2025-05-21,33278.1442162708,24037.837721139214,42042.84392303287,0.0,0.0,7215.610826540243
2025-05-22,33253.70897012944,24745.915731347268,42845.16232538384,0.0,0.0,5865.493774288263
2025-05-23,33229.384617920696,24708.104267207986,42501.47934873117,0.0,0.0,4998.229008134617
2025-05-24,33205.951050431955,23535.69563180237,42168.74058935887,0.0,0.0,5298.4860099423995
2025-05-25,33262.72106030693,23589.686406268826,42407.65299542303,0.0,0.0,5325.699451467129
2025-05-26,33245.056467655275,23977.444968857282,42451.8565593056,0.0,0.0,6081.215465206201
2025-05-27,33227.3171750371,24271.756657225957,41903.95545470128,0.0,0.0,5579.481104558126
2025-05-28,33161.45137936185,24008.85176786825,41997.41128854145,0.0,0.0,5278.523110279901
2025-05-29,33145.43355150458,24051.69320560263,42639.65899482457,0.0,0.0,5181.954290502192
2025-05-30,33127.4399851418,24084.1822426957,41769.51725273521,0.0,0.0,5890.922493301004
2025-05-31,33108.29367493962,23993.184569246216,42319.740817258,0.0,0.0,5583.203589791673
2025-06-01,33167.422439616916,24794.346980972074,41740.12695825658,0.0,0.0,5547.036256008247
2025-06-02,33150.372314362685,24614.817663619382,42507.51036055214,0.0,0.0,5129.14091309314
2025-06-03,33131.75168374406,23148.94234094468,41972.634435181804,0.0,0.0,5659.8305729691265
2025-06-04,33063.814518787556,24913.10908192206,41936.21098782723,0.0,0.0,5391.428636828438
2025-06-05,33044.8895285706,24779.997193281313,41663.136846422014,0.0,0.0,5386.347100511874
2025-06-06,33023.545284913256,23679.154287649722,43493.35452524826,0.0,0.0,5111.495375133131
2025-06-07,33001.02338731688,23397.723717728408,42679.18502192544,0.0,0.0,4672.021759022037
2025-06-08,33057.183931523155,23684.454718646062,42300.26763335197,0.0,0.0,5124.013722720093
2025-06-09,33038.00568445519,23993.360863240432,41874.092147476156,0.0,0.0,5210.378646274682
2025-06-10,33018.51683407308,23609.978498475248,41142.445178046975,0.0,0.0,5092.511207165283
2025-06-11,32951.36508241737,23771.69298585002,42192.054894351706,0.0,0.0,5587.320257985357
2025-06-12,32935.23429177987,24542.434878957378,42255.13393360632,0.0,0.0,5196.153699994898
2025-06-13,32918.99812515044,23586.39068329937,42449.9438439692,0.0,0.0,6065.388426715487
2025-06-14,32904.14310203187,23956.350096281738,42029.68721408335,0.0,0.0,5190.772188214977
2025-06-15,32970.70564757606,24152.383232414286,42197.382550883965,0.0,0.0,5218.878006402838
2025-06-16,32964.765803428716,23646.67719627411,42528.764103468086,0.0,0.0,5848.004892753705
2025-06-17,32961.37367733038,23706.58932305673,42132.33727017132,0.0,0.0,5763.778950846505
2025-06-18,32913.117544700064,23677.280547531947,41612.60572340201,0.0,0.0,5775.651322500956
2025-06-19,32918.54088893814,24069.273201354037,41795.78174697028,0.0,0.0,5414.427701218392
2025-06-20,32926.29882770416,24271.12594857647,41754.3973487022,0.0,0.0,5096.146633146765
2025-06-21,32937.58628122664,22980.561262020736,41595.88324165391,0.0,0.0,5730.2956378854315
2025-06-22,33032.08232608781,24023.47840508273,42132.2551344025,0.0,0.0,5617.956304956327
2025-06-23,33055.453202659664,23587.694085908013,42237.17234080264,0.0,0.0,5614.724456854177
2025-06-24,33082.289793022486,23772.231514830528,43062.10693307723,0.0,0.0,5617.9985918192215
2025-06-25,33064.68816991042,24296.271443816724,41590.19411089769,0.0,0.0,5826.381157388174
2025-06-26,33100.68014736113,24111.12215380502,42211.15542545921,0.0,0.0,5645.309777599919
2025-06-27,33138.403891308626,23941.94386059755,41902.588108689735,0.0,0.0,5549.568567964597
2025-06-28,33178.546535598696,23793.043920903983,41821.007208569805,0.0,0.0,5658.271275451475
2025-06-29,33300.30282683337,23814.43990840666,41824.47544978652,0.0,0.0,5157.195786921692
2025-06-30,33348.89184908565,23860.42891165441,42243.309740584766,0.0,0.0,5918.965278534123
2025-07-01,33398.507243421845,24244.80133304693,42025.34986071229,0.0,0.0,6629.819239542564
2025-07-02,33400.9091480107,24098.075969823003,42341.503335796144,0.0,0.0,6042.467140045031
2025-07-03,33453.864452982845,24095.181729411124,42462.63396457004,0.0,0.0,5863.021841274681
2025-07-04,33505.325140005,23723.57436473538,42074.48198427279,0.0,0.0,6178.745021810899
2025-07-05,33555.876420627916,25131.81380412053,42174.80202585609,0.0,0.0,5788.350724401443
2025-07-06,33684.69852915814,24659.187698713733,42964.52147959041,0.0,0.0,5190.621733410134
2025-07-07,33737.08412225876,24484.53051006865,42964.17236952427,0.0,0.0,5557.901568432378
2025-07-08,33787.38667323469,24879.803067487657,42386.55398020573,0.0,0.0,5637.987252638165
2025-07-09,33787.608132559784,24512.469886590432,42516.7395647691,0.0,0.0,5426.277353205697
2025-07-10,33835.832566116864,24994.375912421565,42446.39888265417,0.0,0.0,5550.8858374475285
2025-07-11,33880.395726605035,24199.881195882426,43085.85150858973,0.0,0.0,5903.662542089841
2025-07-12,33922.322520495225,25224.15718460073,43145.00814925317,0.0,0.0,6235.798375938903
2025-07-13,34041.27653021394,25223.137947674,43209.83299575305,0.0,0.0,6404.587046927922
2025-07-14,34083.06389445871,24585.06984103774,42499.0494544343,0.0,0.0,6926.026098652864
2025-07-15,34122.567321816525,25165.447863706795,42710.273780523574,0.0,0.0,5560.769370792924
2025-07-16,34112.31892167268,24917.9974597778,43111.35083562801,0.0,0.0,6296.996614478659
2025-07-17,34150.91898945194,25605.541963314467,43010.95375877107,0.0,0.0,6012.026830107016
2025-07-18,34187.19112792013,25724.34351841999,43310.47925603072,0.0,0.0,5789.23383704215
2025-07-19,34222.60608142908,25122.41878225629,42938.39012627408,0.0,0.0,5395.994443320024
2025-07-20,34337.218833392224,25170.99543027259,43411.666453507576,0.0,0.0,6089.150485996057
2025-07-21,34377.16162519628,26054.268331677777,43531.02960076081,0.0,0.0,6081.657417949879
2025-07-22,34417.56898134706,25834.064897919077,43236.783332704974,0.0,0.0,6268.624562192967
2025-07-23,34411.14367975866,25607.465106228854,43345.303916493176,0.0,0.0,5736.0571671454345
2025-07-24,34456.570997053524,25439.14871922332,44321.916548755384,0.0,0.0,6747.909259020169
2025-07-25,34502.67173575236,25967.407634620482,44500.28684632011,0.0,0.0,5499.834512330614
2025-07-26,34550.82646414044,26004.741153937724,43616.0892763027,0.0,0.0,5851.487452983319
2025-07-27,34680.91550028828,25091.477236860483,43727.84814409805,0.0,0.0,6336.0244253849405
2025-07-28,34738.817207582884,26366.453764287937,43587.669380039915,0.0,0.0,6571.495241992674
2025-07-29,34799.34052646974,25219.164484551944,43642.0269909563,0.0,0.0,6165.747305159683
2025-07-30,34814.80045681062,25586.84922514081,43010.35225624875,0.0,0.0,6343.485226722234
2025-07-31,34883.44353852907,25816.30723727954,44338.31321378963,0.0,0.0,6248.572503441986
2025-08-01,34953.61350596369,25624.263618774745,44518.58900852868,0.0,0.0,6490.288396274563
2025-08-02,35026.18917583382,27056.664666842877,43991.94718603592,0.0,0.0,6431.826810042065
2025-08-03,35180.53870101241,26509.66515034764,44004.77714474748,0.0,0.0,7008.814355537859
2025-08-04,35262.03234157395,26764.900970515046,44017.33837238352,0.0,0.0,6358.912633646303
2025-08-05,35344.98925762311,26190.34803399439,44445.02008397809,0.0,0.0,6793.091868046994
2025-08-06,35381.266626190016,26416.248404630904,44489.5831288428,0.0,0.0,6363.934402499551
2025-08-07,35468.69773793614,26629.682446765153,43946.21587825702,0.0,0.0,6724.118296097737
2025-08-08,35555.268888841405,27480.97339778693,44702.62205789958,0.0,0.0,6702.312582114128
2025-08-09,35641.566808741634,26612.385007977897,44941.191592922114,0.0,0.0,6819.907040030027
2025-08-10,35806.7404923133,26593.105642904255,45203.44806653409,0.0,0.0,7065.086852011047
2025-08-11,35896.019376527205,26685.033682197252,44639.050808069966,0.0,0.0,7582.568464004876
2025-08-12,35983.663226682955,26504.82264194489,45387.361362820586,0.0,0.0,6546.685993266638
2025-08-13,36021.55195993313,26948.359161260054,44900.638350506095,0.0,0.0,7166.128734489124
2025-08-14,36107.62205958793,27490.949224748536,45046.12039193765,0.0,0.0,6902.07559873055
2025-08-15,36190.039463611414,26675.022123627263,45106.845850510465,0.0,0.0,7087.713622866698
2025-08-16,36269.64080579098,27253.486553768227,44848.504377851124,0.0,0.0,7303.901920231336
2025-08-17,36425.887075797014,26921.500506452776,45715.116025907504,0.0,0.0,7050.767177515962
2025-08-18,36504.371900524355,27322.16232336234,45559.47027133832,0.0,0.0,7814.303838127141
2025-08-19,36579.76011697781,27879.81657399712,45690.469108837475,0.0,0.0,7936.079320834545
2025-08-20,36604.365214099045,27789.779414055203,45386.013481682276,0.0,0.0,7833.094647389618
2025-08-21,36676.572675048934,27208.88051423981,45758.709888237194,0.0,0.0,7171.166011075038
2025-08-22,36744.999499823934,27439.692633974588,46063.593288287484,0.0,0.0,7098.594005076108
2025-08-23,36810.92218942184,27364.510856918074,45182.316046704924,0.0,0.0,7861.252321173536
2025-08-24,36954.217654629996,27578.824244283984,45938.88909398106,0.0,0.0,7868.156650849143
2025-08-25,37020.85963086282,28537.25358284427,46188.24351677155,0.0,0.0,8134.699370419981
2025-08-26,37085.846619189666,28565.32979214789,46171.06282314234,0.0,0.0,7567.4053570255655
2025-08-27,37101.77024121593,28390.42688450988,46377.19907547378,0.0,0.0,7823.9716265273855
2025-08-28,37167.231300755084,28455.171462491668,46036.607450169504,0.0,0.0,7402.170191214989
2025-08-29,37230.99403706377,28735.454887301126,46358.66747184299,0.0,0.0,7988.553835785656
2025-08-30,37294.41099320172,28668.205997348345,46210.3419939326,0.0,0.0,7933.132350520077
2025-08-31,37437.36303833939,28254.861358974103,46865.07493284988,0.0,0.0,8212.266225636973
2025-09-01,37505.75713254802,28212.379469421696,46458.1382635562,0.0,0.0,7545.283185890224
2025-09-02,37574.45779271915,28826.01086968773,46922.40528176993,0.0,0.0,8790.292728091634
2025-09-03,37595.86101932818,28849.647575883013,46219.900086749534,0.0,0.0,8557.188566519175
2025-09-04,37668.31778672476,28631.697672383714,47202.41997989982,0.0,0.0,8460.859541398793
2025-09-05,37740.297335217096,28351.818874433142,46498.00927781347,0.0,0.0,7765.2433571441325
2025-09-06,37812.82239349175,29272.477314615648,47356.467113470746,0.0,0.0,8243.380357714015
2025-09-07,37965.420535896905,29212.022342225468,47984.175088739124,0.0,0.0,7603.046871469529
2025-09-08,38043.63389995164,28735.065821385288,47193.193677767515,0.0,0.0,8084.734609269196
2025-09-09,38121.96284195321,28669.62036377177,47505.658999243504,0.0,0.0,7504.584261824034
2025-09-10,38152.451903831825,29484.982365683612,47346.57387189606,0.0,0.0,9508.157744381799
2025-09-11,38233.12481354671,29677.555420675693,46849.4361501029,0.0,0.0,8351.502532650848
2025-09-12,38312.15839483243,29371.007253357908,47488.51553177156,13.99301505091502,0.0,8596.296326139998
2025-09-13,38390.32718154908,29552.860010774304,47357.419001989096,66.26961564133153,0.0,8894.224975575673
2025-09-14,38546.96264732226,29896.108944427004,46954.210781255126,118.12837273983502,0.0,8889.832142663898
2025-09-15,38627.46903055133,29125.6503423899,47673.99232681388,170.11897848142456,0.0,8746.94507283839
2025-09-16,38706.27114352388,29161.045913257767,47761.15959894329,221.86151654609077,0.0,9159.776093229897
2025-09-17,38735.402411656025,29254.37572417651,47694.073579162534,253.7623371344536,0.0,8709.84264212894
2025-09-18,38812.939803992645,29669.57210902841,47878.95333656461,306.5583798760702,0.0,8735.742044814957
2025-09-19,38887.17553749939,30233.929336844383,48165.50330224841,358.69058614140334,0.0,8481.874800977737
2025-09-20,38959.057424833365,29860.356715900485,47929.36534606179,410.364907693092,0.0,8192.991146390677
2025-09-21,39108.141916141634,29825.963610358947,47808.99253332778,461.5717395707007,0.0,8720.151722502367
2025-09-22,39180.10201597021,29777.283564766116,48077.075507696885,512.8728150799143,0.0,9122.840819575677
2025-09-23,39249.66571996118,30554.563544285927,48673.82229866696,563.8993564775128,0.0,8732.462975530021
2025-09-24,39269.193520311834,29936.96288686293,48520.88464121262,595.0676615948621,0.0,9264.242527138716
2025-09-25,39337.10198172119,30926.196914486394,47781.93388185978,647.1232229031534,0.0,9597.390094226846
2025-09-26,39402.023637986735,30178.804293798643,47685.31133344823,698.5140215370749,0.0,8444.416868740886
2025-09-27,39465.235462166274,30080.8392257754,48654.28201448074,749.4515000395425,0.0,9158.617923045316
2025-09-28,39606.600347698215,30618.97540069417,49271.25745372755,799.9300346240403,0.0,8994.231447536187
2025-09-29,39672.064159899375,30359.862908600924,48732.55626333731,850.5139342997938,0.0,9326.125380325739
2025-09-30,39736.584360429144,31286.073128128555,50075.622308350066,900.8357470981375,0.0,9297.317971283777
2025-10-01,39752.699079850194,31360.05505390552,49460.83728188662,931.3120381962666,0.0,9975.427099013852
2025-10-02,39818.94392402535,30853.147267503395,48351.754599913125,982.6877197339675,0.0,9436.553581497197
2025-10-03,39884.006997227414,31028.78579671578,48935.812216241524,1033.409557718196,0.0,9395.248602203052
2025-10-04,39949.15456871646,31272.76205962789,48989.210000927684,1083.6873431441616,0.0,9555.931700170753
2025-10-05,40094.171929310534,31196.892342355834,49066.67805777359,1133.5135328362355,0.0,9745.390569216612
2025-10-06,40164.862037966246,31445.632079116294,49193.96359102306,1183.4503742043967,0.0,9568.149218848894
2025-10-07,40235.97793126414,31281.907395360482,48752.28576536723,1233.1282838610068,0.0,9764.006682311556
2025-10-08,40259.79767137163,30656.933041844637,49270.56772828302,1262.9616380405146,0.0,9663.86282336171
2025-10-09,40334.54895137855,31180.417289610625,49316.646960317965,1313.6930516431412,0.0,9931.932193718922
2025-10-10,40408.57361144404,31000.355771179442,49404.78321395853,1363.7667724671041,0.0,9895.830618558217
2025-10-11,40482.764207085354,31396.722643690882,49537.66150118749,1413.3896831407294,0.0,10639.146783421189
2025-10-12,40636.516843208316,32000.677279401,49455.24081198099,1462.5507257666989,0.0,9302.138664044192
2025-10-13,40715.242503349706,32247.864377248778,49701.84956054571,1511.8077767693467,0.0,9773.783696019538
2025-10-14,40793.312450094636,31578.951687230703,49077.70231769227,1560.7857585051363,0.0,10058.32289511195
2025-10-15,40822.646061004045,32035.922123133143,49835.78388667133,1589.8921648441842,0.0,10347.452297576148
2025-10-16,40901.147806017165,31981.871935021536,49276.44331509039,1639.8610986419994,0.0,10261.643951255672
2025-10-17,40976.883217963914,32050.364658437597,50796.002255366126,1689.1264696754279,0.0,9678.223862555988
2025-10-18,41050.52561938961,32300.155192589642,49712.905842824235,1737.8828674480185,0.0,10253.667119503249
2025-10-19,41201.31747679356,32904.54711065358,49845.77638203652,1786.1049445941753,0.0,10379.201724956556
2025-10-20,41274.588315862355,31814.211807815922,50059.875959006546,1834.3343568307641,0.0,9357.825693592462
2025-10-21,41344.7045340333,31942.510551848336,50091.55502517805,1882.1780611832696,0.0,10616.216991429896
2025-10-22,41363.65929938133,32819.728024238815,50357.68207428084,1910.0241605948554,0.0,10078.152024033016
2025-10-23,41429.509136903325,31906.437145641314,50276.915220117095,1958.5863986422803,0.0,10761.240665900214
2025-10-24,41490.54702343523,32845.22472148142,50865.893093796614,2006.2779529353961,0.0,10628.240068254005
2025-10-25,41547.74380038067,32821.46462162355,50023.77371681137,2053.2730353333127,0.0,11360.833058767743
2025-10-26,41680.70189720716,32373.11376248454,50772.39981306167,2099.5271218601565,0.0,10757.927398444135
2025-10-27,41735.16349430444,32597.633993337353,51185.680863339534,2145.5648388336426,0.0,10662.121640024929
2025-10-28,41785.94872467839,33077.99926192174,50811.00630920753,2190.979281112768,0.0,10238.680778758864
2025-10-29,41785.532427654485,32912.80540273805,50408.458660223354,2216.148918863571,0.0,11199.063372133656
2025-10-30,41832.466431826186,32957.26406517945,50386.21511267911,2261.78315968624,0.0,10987.775753368518
2025-10-31,41875.53760594718,32465.18320662469,50171.55329705065,2306.2971736204763,0.0,10065.080967372445
2025-11-01,41916.193933642324,33207.224166908905,50497.734158216575,2349.874445116348,0.0,10241.762212553218
2025-11-02,42034.48306775444,32708.45817979581,50720.702727366435,2392.487829204423,0.0,10729.116415173448
2025-11-03,42076.54595823542,33420.10837343215,51115.70969334385,2434.688092670193,0.0,11045.869535565786
2025-11-04,42117.54160688501,33529.132912450346,51241.485558306355,2476.1036720029124,0.0,10975.567573918841
2025-11-05,42110.21189071346,33403.382827484944,51245.751247489876,2497.157763660883,0.0,11548.698577470623
2025-11-06,42153.29382134726,32902.99070316251,50775.281798032665,2538.613777588202,0.0,11027.527823917282
2025-11-07,42195.66981880331,33023.97800028607,51040.4044960958,2578.949732199385,0.0,10800.068052636252
2025-11-08,42238.78853373058,32462.48758244282,51153.00405689159,2618.4200337100774,0.0,10949.034721139482
2025-11-09,42362.60088164678,33357.757134733576,51681.37314328222,2657.075405289041,0.0,10822.133901916044
2025-11-10,42413.054013130415,33187.783570757885,51214.17924593827,2695.5499456207954,0.0,10986.122215481531
2025-11-11,42465.01932072832,33462.17033962487,51213.41837927581,2733.559058822342,0.0,11318.651631267008
2025-11-12,42470.86338664433,33555.490361235345,51110.93052018593,2751.6143933139588,0.0,10785.81003439478
2025-11-13,42528.869115678135,33849.71704873572,52178.83556428341,2790.5668547006953,0.0,11489.515136674452
2025-11-14,42587.39742594966,33185.061001574184,51833.61956564701,2828.978316834731,0.0,11893.438493831723
2025-11-15,42647.32174774983,32531.21001057095,51955.62822726161,2867.18053113904,0.0,11561.950267279472
2025-11-16,42787.97963952077,33382.145952041865,51199.54192777033,2905.292067111974,0.0,11026.088451604946
2025-11-17,42854.683828982656,34436.631343824985,52484.89655262899,2944.0023399420124,0.0,11676.122869382725
2025-11-18,42921.668314054994,33981.63391872511,51912.99314342483,2983.06655068107,0.0,11703.322144418858
2025-11-19,42940.677924176984,33567.490903551996,52628.00694186527,3003.017765218723,0.0,11112.096322026111
2025-11-20,43009.40805976504,33921.51494441642,51791.55732701669,3044.7072885935677,0.0,11776.676368600913
2025-11-21,43075.68444721085,33979.823897529364,53003.59980503325,3086.6740506089795,0.0,11846.12982563864
2025-11-22,43139.9146315449,33841.37304461602,51751.72891958426,3129.2015922882774,0.0,11810.223224817268
2025-11-23,43281.055009727075,34918.20682048776,52380.48159042051,3172.3335704713595,0.0,11441.528847665386
2025-11-24,43344.135243507015,35311.713614909226,52454.83318896117,3216.6569130494117,0.0,12026.42734062364
2025-11-25,43403.21526830503,34268.12660779778,52622.69020561731,3261.7965164124676,0.0,11817.901515380956
2025-11-26,43409.982943950425,34945.256299537636,52808.79801173612,3288.1277645419223,0.0,11860.284631448074
2025-11-27,43462.19878459875,34117.84428197202,52446.00359225341,3336.3180643203727,0.0,12352.610523374295
2025-11-28,43507.87740803634,34366.4900157449,52972.41823504848,3384.6981339957106,0.0,11263.850370978078
2025-11-29,43547.73731912551,34937.882395457236,52054.53818048591,3433.3216367235846,0.0,11731.534377036762
2025-11-30,43661.162816915414,34720.42093845966,52775.74905928538,3481.984059236056,0.0,12066.214826431215
2025-12-01,43693.719946337005,34690.45143806229,52952.37444693562,3531.0099306704656,0.0,11714.632304624518
2025-12-02,43720.10188710848,33760.36742037751,52576.11336048264,3579.7522154405406,0.0,11954.656552668059
2025-12-03,43692.7120921702,33965.19490123206,53560.92490961686,3608.310082187841,0.0,12199.942608619147
2025-12-04,43710.09196328002,34949.4310788589,52997.76218510531,3657.0761473981506,0.0,11986.595212359403
2025-12-05,43721.08312921434,34717.818788749246,52995.89938611048,3704.113817688022,0.0,11971.335730383042
2025-12-06,43727.25643038884,34786.196628276455,53005.61886246915,3749.2231950101536,0.0,11886.600021324874
2025-12-07,43808.85193934084,34354.89248459437,52142.450318153606,3791.9663050766258,0.0,12642.596987593317
2025-12-08,43812.27251424456,34558.1631030662,53144.0115854345,3832.4605953455793,0.0,12721.989988152598
2025-12-09,43813.006875017025,35258.927763051346,53120.011579140184,3869.8843822881277,0.0,12675.300743213236
2025-12-10,43764.191115611284,35124.41582255089,52575.26265895493,3884.200294117883,0.0,11969.889178729538
2025-12-11,43765.016029150516,34956.948849416665,52785.22378585729,3915.7076539576187,0.0,12283.201923508013
2025-12-12,43764.87087175037,35678.057271799116,52891.47076027185,3942.4242801438804,0.0,11756.080434124984
2025-12-13,43765.75618495754,34788.86475949941,52299.01369652242,3964.156030928867,0.0,12210.133374133244
2025-12-14,43848.21046350885,34651.24902741462,53018.65722445375,3980.52473111557,0.0,12092.482191162984
2025-12-15,43858.7935510097,35277.37356607415,52780.54426693467,3991.763322086095,0.0,12102.753996417237
2025-12-16,43873.00305559086,35102.22265137097,52493.926072090595,3997.221831256637,0.0,12178.322837190715
2025-12-17,43843.832909873556,35769.24560494997,52955.8100020723,3977.090147534019,0.0,12197.172531478418
2025-12-18,43870.181564528684,34674.17511463291,52754.34259828234,3971.948514566888,0.0,12572.311067421331
2025-12-19,43901.000452140506,34053.042298593464,52414.60173059925,3960.146213471996,0.0,11998.187027679998
2025-12-20,43937.7152495461,34554.69498561614,53510.42383108795,3941.8667865029793,0.0,12341.34665175985
2025-12-21,44060.16453295506,34894.88768430029,53059.173899381145,3917.1504929799935,0.0,12426.874967074873
2025-12-22,44114.09842016923,36305.50411554968,53534.24702395385,3886.68292189566,0.0,11888.950120562225
2025-12-23,44174.11311523382,35659.557792755855,53129.59161655849,3850.293468200957,0.0,12677.61819694426
2025-12-24,44192.230024586184,34447.53038831585,52868.726324465206,3788.669796427125,0.0,11925.324962274573
2025-12-25,44266.32641225423,35529.76339870883,52951.27586651673,3742.8993640096737,0.0,12298.596401083465
2025-12-26,44344.30765660481,34799.95358408193,52652.45644165013,3691.838656773573,0.0,12277.394591562877
2025-12-27,44426.55302553752,35498.574791397856,53359.52244973338,3636.168685153455,0.0,12514.114554637816
2025-12-28,44591.87893260224,35927.18870862672,53005.29501677755,3576.4076415178265,0.0,11928.113173705764
2025-12-29,44685.06163305707,35602.19931636615,53683.850545152134,3513.6898592052544,0.0,11733.155150530027
2025-12-30,44779.79465363338,35951.88778614309,54142.931154354104,3448.2549985389114,0.0,12106.820730579044
2025-12-31,44827.2890340977,36133.23811859092,53095.22821164376,3361.1537985469427,0.0,11431.359703604096
